Barcode,UMAP-1,UMAP-2
AAACCTGAGAATAGGG-1,-2.0028926786319703,-5.954694302685115
AAACCTGAGAGCTGGT-1,-0.030613055504549947,-1.8713764946629383
AAACCTGAGCGTTGCC-1,-2.3676852443920717,-5.134455455117963
AAACCTGCAAGCTGTT-1,-3.0124814221184244,-4.4889257691774285
AAACCTGCATCACCCT-1,-2.12520112739451,-5.821340822482744
AAACCTGTCATGTCTT-1,-2.958182512580899,-2.629576992527118
AAACGGGAGCCCGAAA-1,1.5754651525208176,-4.832385717785545
AAACGGGAGCGAAGGG-1,-1.8246930326031714,-3.008562268581103
AAACGGGAGGACATTA-1,-0.26990257749544344,-4.8715850506127065
AAACGGGCACCAACCG-1,-1.7400834183058744,-3.4782593014596483
AAACGGGGTCTTTCAT-1,-2.136209855801485,-3.2505175808272644
AAACGGGTCACTTATC-1,1.7657976641015778,-2.580800390420619
AAACGGGTCCTAGTGA-1,-3.443004431212913,-4.563908835265076
AAACGGGTCGGACAAG-1,0.7937900550430301,-1.060583585104153
AAAGATGGTGCGGTAA-1,-0.03293729321914553,-0.9720507838657185
AAAGATGTCACCACCT-1,-2.614838280457818,-2.588616735625713
AAAGCAAAGATCCTGT-1,-1.2181820011548241,-4.063672015260868
AAAGCAAAGGAGTACC-1,-2.87235054253903,-2.45852438159679
AAAGCAAAGTGGACGT-1,-2.187030788771065,-2.384356067616522
AAAGCAACAATAAGCA-1,-1.2903346069776516,-1.5062151238043537
AAAGCAAGTATTCGTG-1,-1.8573630784170982,-4.297397536525287
AAAGCAAGTGGCTCCA-1,1.6631644679060207,-6.077506381638799
AAAGCAATCACCTCGT-1,0.13288795152575966,-3.0880248862482054
AAAGCAATCATCTGTT-1,-0.15604326681967817,-3.4255474430056787
AAAGTAGAGCGTCAAG-1,-2.890985571564861,-4.002589177193854
AAAGTAGAGGTAAACT-1,0.7748611829566306,-1.6618844277002234
AAAGTAGCAACCGCCA-1,-2.5615907513896676,-3.9305923461854224
AAAGTAGCACGGACAA-1,0.35605687178943374,-2.9151276821447345
AAAGTAGCATTCCTCG-1,1.295040150315637,-3.2767884035846766
AAAGTAGGTTCGTCTC-1,-2.2102190278887672,-5.504064112772163
AAATGCCAGACGCAAC-1,1.1640653038145576,-6.584906675506431
AAATGCCAGTAACCCT-1,-1.1874285949815464,-5.261814391392863
AAATGCCCAAGGTGTG-1,0.24823954088200495,-1.1698439316543627
AAATGCCGTGTAATGA-1,-0.11498225612451408,-1.4292505282912773
AACACGTAGAGCTGGT-1,0.6822972927693094,-2.123055321188582
AACACGTAGGCATGGT-1,-1.5396348116730918,-4.129826199390804
AACACGTAGGGAACGG-1,-1.6412645561856445,-2.257740869820939
AACACGTCACGCTTTC-1,-2.221875162942214,-1.9570813609415183
AACACGTCACGGTTTA-1,-1.481188428826868,-4.198034480520977
AACACGTCACTATCTT-1,-0.5432056106947557,-3.265684127201314
AACACGTGTCTAGCCG-1,1.8326947353570593,-4.710242212577788
AACACGTTCCTTGCCA-1,2.4095412864738055,-4.98370349292893
AACCATGAGACTGGGT-1,1.17704433471083,-3.212108763600543
AACCATGCAACCGCCA-1,0.8684848140489316,-4.35160824711844
AACCATGCATGTTCCC-1,-0.34897351894719875,-4.181682377693799
AACCATGGTCTTCTCG-1,-2.835950808745894,-2.5172196081481157
AACCATGGTTCCGTCT-1,2.0570813971709914,-5.646689580195848
AACCATGGTTCTGTTT-1,-0.6979162683970641,-1.728958714549217
AACCATGTCCCATTTA-1,-0.2746683667996857,-3.640314451229898
AACCATGTCGGAATCT-1,1.0310131853134512,-2.779514034439017
AACCATGTCGTGGACC-1,-1.2453137772286642,-3.1687140375720033
AACCATGTCTTACCGC-1,1.3636890736110157,-4.56417717299342
AACCGCGAGAAAGTGG-1,-0.6702501561956852,-2.5713199531670363
AACCGCGAGCTACCGC-1,0.8088502678831774,-3.515255527247608
AACCGCGAGTCACGCC-1,1.7890594241279931,-3.5282492332067794
AACCGCGGTACTCAAC-1,1.5935464942231614,-3.6662955537278683
AACCGCGGTGAGTATA-1,-0.7090728306967065,-2.64778592571249
AACGTTGAGACATAAC-1,-0.3056826219601182,-2.2920201853364772
AACGTTGAGATCGATA-1,-2.0615816562294014,-4.650118947182711
AACGTTGAGATCTGAA-1,-1.2269669405715877,-3.101638583315034
AACGTTGAGCACCGCT-1,2.0723011713312474,-4.171681932480058
AACGTTGAGCCCAGCT-1,-2.682715844860469,-4.865331232674196
AACGTTGAGTGAACAT-1,1.082299154529679,-3.734901445094976
AACGTTGCACGTCTCT-1,-2.450525866402417,-4.3184962949219265
AACGTTGCAGTGAGTG-1,-2.367855007156422,-4.885641322065438
AACGTTGGTCGAATCT-1,0.5234151226831535,-2.299315388012888
AACGTTGTCATCGGAT-1,1.8715712434994798,-3.1187112804513837
AACGTTGTCATGTAGC-1,-3.3116398959390456,-4.891270074114794
AACTCAGAGGCTCATT-1,2.095264882424441,-3.953024595353926
AACTCAGAGGGAAACA-1,-2.4780253920893553,-6.422655535826557
AACTCAGAGTGAATTG-1,-2.2238515534245162,-3.286799979019144
AACTCAGGTCGATTGT-1,0.5496561116203912,-4.461436686378228
AACTCAGGTCTGATTG-1,1.2279759534993413,-3.9454365367365445
AACTCAGTCGGTCCGA-1,-2.033286432346764,-3.963759547637919
AACTCAGTCGTTGCCT-1,0.4446791475860124,-3.7734799360563285
AACTCAGTCTGACCTC-1,1.6965942336795128,-3.7445271410703027
AACTCCCAGAATTGTG-1,-2.7950282957193986,-5.469001695154539
AACTCCCCACCACGTG-1,1.6380972526107769,-6.0155756440860655
AACTCCCCATCGACGC-1,-3.2121292565093373,-3.7811056412250488
AACTCCCGTGCGATAG-1,1.0534939756935062,-4.3369083586721695
AACTCCCTCAGTACGT-1,-0.4484539284529233,-5.740326997566012
AACTCTTAGACTCGGA-1,0.4954544703049797,-3.727987519217638
AACTCTTCACCATCCT-1,1.790141680454899,-4.526290864701333
AACTCTTGTGGTTTCA-1,1.3100869389037844,-3.216519465246764
AACTCTTTCATGCTCC-1,-1.3739456574536597,-1.7629090922734671
AACTGGTAGCATGGCA-1,-2.9036586494028103,-2.3926604350103746
AACTGGTAGGAATGGA-1,-2.749224995071932,-2.1180159529942744
AACTGGTAGGAGTTGC-1,-1.6355186364979515,-7.121685032916864
AACTGGTCAGGTTTCA-1,0.9871179308867652,-3.7197605854484115
AACTGGTCATACGCTA-1,-2.790167084191697,-4.525778388808094
AACTGGTGTGCACCAC-1,-0.31746401386756967,-2.7546701020814766
AACTGGTGTGCGCTTG-1,-0.9343562497778395,-1.5212961397187466
AACTGGTTCCCAAGTA-1,0.8380422774324207,-4.310358034829937
AACTGGTTCTGTGCAA-1,-0.29666938570866624,-4.593088285362289
AACTTTCAGAGTCGGT-1,-2.488478553754195,-3.64192653686621
AACTTTCAGTGGCACA-1,-0.4863756092895989,-1.5197103185314822
AACTTTCCAAGGACAC-1,-2.048618083022403,-6.266009875489012
AACTTTCCAGACAAAT-1,1.5035093620398867,-2.7691145740929053
AACTTTCCATGACATC-1,0.3491931573925699,-3.6828612751090275
AACTTTCGTAAGGGAA-1,2.255454458099005,-5.417902296976054
AACTTTCGTTCCATGA-1,1.0838645600568306,-6.580837621674808
AACTTTCGTTGATTGC-1,-3.0487105007808024,-3.489666023014872
AACTTTCTCAGAGGTG-1,1.2501349604529808,-5.8229624525374195
AACTTTCTCCAGAGGA-1,0.026375825200231094,-2.212993513868301
AACTTTCTCTTGTATC-1,0.09079161197990955,-0.9057586749425429
AAGACCTAGATGTGTA-1,-2.7742229278554937,-3.0869419264907334
AAGACCTAGCCGCCTA-1,-3.364836790342414,-4.690001358304566
AAGACCTAGCGTCTAT-1,0.5031463739988093,-4.949065022185241
AAGACCTAGTGTGGCA-1,-2.6488625877003087,-5.050845481487592
AAGACCTTCGGCGGTT-1,-1.3468943355583205,-1.7059807343200084
AAGCCGCAGGTGACCA-1,-1.3819007294472931,-1.5449846793902124
AAGCCGCCATTATCTC-1,1.18549758550267,-2.89987547054311
AAGCCGCGTCGTTGTA-1,1.123312996243107,-1.311830514872309
AAGCCGCTCCAAACTG-1,-2.30582210589156,-3.8269301732088623
AAGCCGCTCGGTTCGG-1,-1.1719407614717599,-3.7352841900689295
AAGGAGCAGAGCTATA-1,-1.9190398704046623,-3.8437232308279197
AAGGAGCAGATGGCGT-1,0.3900830667970434,-0.9460457717684678
AAGGAGCCACAAGCCC-1,-2.277286976106508,-3.688959381810202
AAGGAGCCACACAGAG-1,-2.72163480087204,-5.382221065656133
AAGGAGCCATTGAGCT-1,0.6884487797614628,-3.1395933132940774
AAGGAGCGTATAGTAG-1,-3.6219690244147897,-4.5285291754033254
AAGGAGCGTCAAGCGA-1,1.6116561800906277,-4.285963822505195
AAGGAGCGTTAAGGGC-1,-1.7570252670110582,-4.400865436841989
AAGGAGCGTTCACGGC-1,-1.120265446052196,-2.2747779027315946
AAGGCAGAGCCAGGAT-1,-2.0273850247551573,-3.2037798502172223
AAGGCAGAGCGATAGC-1,1.155572632464005,-2.342678876013204
AAGGCAGAGGCGCTCT-1,1.9196107891495695,-3.124470209548894
AAGGCAGCAGGAATGC-1,-0.11781308455100883,-2.1526541827010437
AAGGCAGGTAGCCTCG-1,-0.5878166196677929,-2.2375632482175543
AAGGCAGTCTTGCCGT-1,1.9489112660470542,-3.5690687774822094
AAGGTTCAGCTAAACA-1,-1.6852431479640955,-6.813465482018264
AAGGTTCAGCTTCGCG-1,-3.2826648434216286,-4.182261085418286
AAGGTTCCATTGGCGC-1,-2.0574125468394517,-4.989323440438316
AAGGTTCGTAAATGAC-1,-2.309311967126068,-3.7824593194849725
AAGGTTCGTGCAGACA-1,-1.8191281509518915,-6.102067241936355
AAGGTTCTCAAGCCTA-1,0.4749128171945994,-1.1120311334204842
AAGGTTCTCACCTCGT-1,-0.7620377546512461,-3.178706549467525
AAGGTTCTCATCGCTC-1,-2.7978885568112433,-3.6580892273049694
AAGGTTCTCCACTCCA-1,-2.2851422306683977,-2.7217999069673366
AAGGTTCTCCCTTGTG-1,1.6331207281788584,-3.2280352705700968
AAGGTTCTCTCAAACG-1,2.044420558749932,-3.874987362140856
AAGTCTGAGACTGTAA-1,0.9611085555213676,-2.614652630809974
AAGTCTGAGCAGATCG-1,1.224125519308368,-1.672024390181005
AAGTCTGCAGTTCATG-1,1.0832154470156143,-1.4957498537300908
AAGTCTGCATCTCGCT-1,-0.9771923365234189,-4.193073991717267
AATCCAGAGATCGATA-1,-2.1078862081568785,-4.574008210579579
AATCCAGCAATAACGA-1,-0.43441679814374284,-5.950247506706437
AATCCAGCACCACCAG-1,-0.7455371917748794,-5.124559430332127
AATCCAGGTAAGTGGC-1,-1.5365108369618814,-1.958429515891753
AATCCAGGTAATCGTC-1,2.04625611853148,-4.091008362313014
AATCCAGGTCAGAATA-1,-0.473749880513523,-4.078700939990963
AATCCAGGTCTGATTG-1,-1.3442245617802588,-2.785648862050544
AATCGGTAGAGCTGGT-1,-0.9069332134576129,-1.876227479850759
AATCGGTAGGCTCTTA-1,-1.8682068053056133,-3.7186381776466972
AATCGGTCACATCCAA-1,1.1043810687757454,-2.1408568597205875
AATCGGTCACGTCAGC-1,-2.022727277408735,-4.02860597852912
AATCGGTCACTGTCGG-1,-0.313685582274969,-2.147974307240744
AATCGGTCATAACCTG-1,-2.707028761260662,-3.874485434943582
AATCGGTCATTTCACT-1,-2.204827401571953,-5.150236245874191
AATCGGTGTAAAGTCA-1,-2.8624420939224415,-2.1995656641532046
AATCGGTGTCAAACTC-1,-2.5203965740312437,-5.043237095597084
AATCGGTGTTCGAATC-1,0.8670829964311477,-1.1330722041378802
AATCGGTTCACCGGGT-1,-1.4195034821469066,-4.652071341210634
ACACCAAGTAGCGCTC-1,2.267361856330794,-4.002016288575389
ACACCAAGTAGCTGCC-1,-0.06728249061150227,-1.7393318654048153
ACACCAAGTCCAAGTT-1,1.2986309074169546,-2.697406293602822
ACACCAATCTTGCCGT-1,-0.30636881613078315,-2.1381734684566625
ACACCCTAGCATGGCA-1,-2.306951244878667,-3.3887431423436123
ACACCCTCAATAACGA-1,-2.126340076846445,-4.81251976628446
ACACCCTCAGTGACAG-1,-2.6721540952503484,-3.3409364632170924
ACACCCTGTAAGCACG-1,-0.27154035794667236,-5.29913365862811
ACACCCTGTCTCCCTA-1,-1.1117584640549072,-4.672821346814498
ACACCCTGTTGGAGGT-1,0.4526833791835074,-1.2736708035043038
ACACCCTTCCTGCTTG-1,0.7144772350035811,-3.3266957503579486
ACACCCTTCGAACGGA-1,-0.946261254116934,-2.6368271406520574
ACACCGGAGAAGATTC-1,-0.21212764732691147,-6.083894068058851
ACACCGGAGCGTAGTG-1,-0.12268063731152783,-2.86898892494066
ACACCGGAGGCTCAGA-1,0.7457774582804879,-4.826794068166596
ACACCGGAGTAATCCC-1,-1.993463392327953,-5.703317390473984
ACACCGGCAAGTAGTA-1,-0.759888146732108,-5.678501116572754
ACACCGGCAATCGAAA-1,-0.4084953553616211,-2.4823164699367983
ACACCGGCACGAAGCA-1,-2.4539261694372825,-4.569469086943974
ACACCGGGTGAGGCTA-1,0.6881626780924175,-4.20347868697694
ACACCGGTCAAAGTAG-1,-0.36302817132966947,-5.181270697412155
ACACCGGTCCTGCAGG-1,-1.4086335547213609,-2.2042139065236768
ACACCGGTCCTGCCAT-1,-2.949221088114285,-4.6899751983161195
ACACTGACAATGTTGC-1,-0.15280486280552963,-4.348932538528976
ACACTGACACATTCGA-1,0.47796172349876836,-3.9383229388765444
ACACTGACACTCTGTC-1,0.0527451028683842,-2.889793532715338
ACACTGAGTGTCGCTG-1,-0.40272217041079506,-3.6421551919822437
ACACTGAGTTTAGCTG-1,-1.8523967300518713,-4.8540586727223465
ACACTGATCGGCGGTT-1,0.20256916771959288,-5.323320125906202
ACACTGATCGGCTTGG-1,-1.7197902322413636,-2.0169246215382635
ACACTGATCGTCCGTT-1,-0.8549524128333577,-4.80138743116889
ACAGCCGAGACAAGCC-1,-1.5319018233754533,-5.204608982066592
ACAGCCGAGACTTTCG-1,-1.319328572411185,-2.235714929498084
ACAGCCGAGATAGGAG-1,-1.4514651308661473,-1.968313595570532
ACAGCCGAGGGTGTTG-1,1.5013581923980712,-5.009784318162188
ACAGCCGCAAAGGAAG-1,1.0013821106962162,-2.996845817359996
ACAGCCGCAAGCCGTC-1,1.3900703713937699,-3.827059553440057
ACAGCCGCAGCTGCAC-1,-1.6033300184860102,-5.193452682822154
ACAGCCGCATCAGTCA-1,0.6274101079492752,-1.2731903769331743
ACAGCCGCATGCGCAC-1,2.0929689230803676,-4.849626082622531
ACAGCTAAGATGTTAG-1,0.7751471768033911,-1.2961548658354283
ACAGCTAAGCTCCTTC-1,-2.952852649771404,-2.389637659955479
ACAGCTACAGCTATTG-1,-2.2521179284265145,-6.660309549594761
ACAGCTAGTACATGTC-1,-1.6394566762007534,-1.6587210587696062
ACAGCTAGTACCGTAT-1,-1.5333339762142768,-5.749718171277879
ACAGCTAGTCAATGTC-1,-1.5130088794956638,-2.8496178911260603
ACAGCTAGTTCGTTGA-1,-0.6446957071801099,-4.422320194235964
ACAGCTAGTTGCGTTA-1,-2.96679392858237,-3.547815760779663
ACAGCTATCACTCCTG-1,1.8228665876851629,-5.256923210987546
ACAGCTATCCAGGGCT-1,-2.9250003178409965,-3.0019653605842045
ACAGCTATCCTAAGTG-1,-2.497418834196026,-5.358650896073221
ACAGCTATCGAACGGA-1,-0.7799702022024017,-2.3068720371322615
ACATACGAGAGTCTGG-1,-1.501792071250523,-5.155180366242198
ACATACGAGCAATCTC-1,-0.2428442740299201,-2.9838326342979578
ACATACGAGGTGACCA-1,-0.2458317285750172,-6.451197405197522
ACATACGCAAGGTTTC-1,0.40426262201475177,-3.7210453843116196
ACATACGCACACGCTG-1,1.0291074935005082,-5.95215983164749
ACATACGCAGGACGTA-1,-1.6322580450399502,-3.2943702607001395
ACATACGGTCTGCCAG-1,0.21877130102215978,-3.2632536437408293
ACATCAGAGATGTAAC-1,-1.4662584730688835,-1.6478765425598265
ACATCAGAGGAACTGC-1,-3.2145644377859925,-3.858675314982569
ACATCAGAGGCTCATT-1,-1.1484072753891605,-2.3067643050187403
ACATCAGCAATTCCTT-1,-1.573369099302328,-6.914384831457576
ACATCAGCAGATCGGA-1,1.5508662924283994,-2.638211690853189
ACATCAGTCAGTACGT-1,0.723860948083904,-0.9739841097983025
ACATCAGTCCTCGCAT-1,2.0251602427215296,-3.2984889322424475
ACATCAGTCTCGATGA-1,0.1502555372938964,-3.8887973457740324
ACATCAGTCTGTTGAG-1,1.0808138739199855,-4.650899618969535
ACATGGTAGACAGAGA-1,2.3814974727348215,-5.645175679202948
ACATGGTAGCTGGAAC-1,-1.3464154537460324,-2.214303926856678
ACATGGTAGTGAACAT-1,-0.5070440983776705,-4.150469818275873
ACATGGTCACGTCAGC-1,-3.428940980304458,-3.991862883031745
ACATGGTGTACTTGAC-1,1.5546727383516432,-2.2455289462605523
ACATGGTGTAGCGTCC-1,0.5365733643066787,-3.937641490644173
ACATGGTTCCCTAACC-1,0.16544667031194704,-3.23491898378792
ACATGGTTCGGGAGTA-1,-1.355631269538895,-1.8571014853026673
ACATGGTTCGTACGGC-1,1.401254216750401,-4.313501929049569
ACATGGTTCTCCAACC-1,-1.5281623677935277,-4.528032732244439
ACCAGTAAGCTACCTA-1,1.4908421164313561,-4.528737884561618
ACCAGTAAGTGTTAGA-1,-2.020485077729959,-3.4231846340967773
ACCAGTACAACTGCTA-1,-0.8291898074696407,-4.323944850857007
ACCAGTACAATAGCGG-1,0.8460798928317199,-2.994912425959893
ACCAGTACACGAGAGT-1,0.743872377286985,-1.61684191005656
ACCAGTACATGACGGA-1,-2.6832597479073472,-4.097778806746228
ACCAGTAGTGTGAAAT-1,-1.6518834305387398,-3.5103994663846394
ACCAGTAGTTCCAACA-1,-0.5128644416657212,-6.409506882042388
ACCAGTAGTTCCCTTG-1,-2.266954593981998,-3.754377039260357
ACCAGTATCCTTGGTC-1,-0.3907979299434786,-2.6205981801119833
ACCAGTATCGGTCCGA-1,-0.7598744720438103,-4.251918461499613
ACCAGTATCTCTTATG-1,-2.669554414394878,-2.238046353303583
ACCCACTAGTTCCACA-1,1.7664837965641247,-2.7932866385536745
ACCCACTCAAGTTGTC-1,-2.92290501715534,-5.180161751543852
ACCCACTCACACGCTG-1,-2.546618278514886,-2.332717080814526
ACCCACTCAGCTCGCA-1,-1.69566203284046,-2.0366693223962837
ACCCACTCATATACGC-1,-0.5699099591776962,-3.7339620550453883
ACCCACTGTACCGTTA-1,0.39315571426090157,-2.8726613296269146
ACCCACTGTATAGTAG-1,-3.111665047089115,-5.1609639787565245
ACCCACTGTCAAAGCG-1,-1.5734206809388973,-2.45342024352048
ACCCACTGTCAGCTAT-1,-2.0793779391701612,-1.9865142462165646
ACCCACTTCGGTTCGG-1,-0.5200393855324636,-1.5255271113011322
ACCGTAAAGAGCTGGT-1,-2.0293537789043437,-2.991969873159296
ACCGTAAAGCAGCGTA-1,1.023818614418328,-5.045214755629691
ACCGTAAAGCGTTGCC-1,0.7042382701605698,-2.8083928210989075
ACCGTAAAGTACGTAA-1,-2.646880113043238,-2.2008836281456774
ACCGTAACATTCTCAT-1,-1.6123972324125826,-6.593104035244113
ACCGTAAGTAGCGTAG-1,0.2614011539527438,-4.479839169941839
ACCGTAAGTTGGAGGT-1,-2.096694987818533,-5.244110030080399
ACCTTTATCAGTGTTG-1,-0.932716408435518,-3.639170751533077
ACCTTTATCCAAGCCG-1,-2.354831670476143,-3.289665826259361
ACCTTTATCCACTCCA-1,1.8530844781006266,-4.243187554198897
ACCTTTATCCGGGTGT-1,-0.9117247026454256,-1.4552132030586147
ACCTTTATCGCGGATC-1,-1.2012853495081717,-2.7136874159705906
ACCTTTATCTAAGCCA-1,1.4756614473212082,-5.505089459349357
ACCTTTATCTTCTGGC-1,-0.9615906927020423,-2.6664056396917175
ACGAGCCAGCTCCTTC-1,-1.1828659631057346,-1.442399237597849
ACGAGCCCATCTGGTA-1,-0.7431236104378593,-1.9959230869167441
ACGAGCCCATTATCTC-1,1.1631311899244805,-1.2450696516475575
ACGAGCCTCACATAGC-1,-2.3355910002495133,-4.215820816514062
ACGAGGAAGCCCAATT-1,-1.1810769963182102,-3.7998119218722235
ACGAGGAAGCTGATAA-1,-0.38934855583743055,-2.0145520571815987
ACGAGGAAGGCCGAAT-1,-1.4881410039559844,-1.5630621921988062
ACGAGGAAGTAATCCC-1,-1.120813648199636,-1.868177298973203
ACGAGGACAAACCTAC-1,1.3671594807918386,-2.3663475252999544
ACGAGGACAAAGCAAT-1,-0.5633617004423397,-3.034897544727984
ACGAGGACAAGCTGTT-1,1.6885607885864014,-5.187669448980957
ACGATACAGGGCTCTC-1,0.03085242071815717,-3.4639568976346045
ACGATACAGTCCGGTC-1,1.0272913956479053,-1.6326535345335256
ACGATACCAATGTTGC-1,0.9118343238785834,-4.375448300622695
ACGATACCAGGATTGG-1,0.6538335844581081,-5.254525246695847
ACGATACGTCACCTAA-1,1.1819454867998602,-4.971524448796543
ACGATACGTGAAGGCT-1,0.37506195331864606,-1.3340061827150949
ACGATACGTGTGGCTC-1,-2.7291704954601843,-5.813986983936498
ACGATACGTTATGCGT-1,-0.5468479524969656,-3.9617644461170447
ACGATACGTTTGGGCC-1,1.8681858074519972,-4.606940777513154
ACGATACTCCACGACG-1,-2.2135080950894848,-1.7913193470357593
ACGATACTCCAGAAGG-1,-2.189945422654737,-3.926948240091514
ACGATACTCCCTAACC-1,-0.0005267334094030476,-4.56349560661793
ACGATGTAGCTCCTTC-1,-0.7458122428068239,-1.5746937488641706
ACGATGTAGGGCATGT-1,0.0411338857233651,-2.062057130755683
ACGATGTCAGATAATG-1,-0.9178036745620736,-4.703616740599524
ACGATGTCAGCGATCC-1,0.25166712163267757,-2.350394109240947
ACGATGTGTCTCTTAT-1,-3.178715256546062,-4.743941510634494
ACGATGTTCGTTTGCC-1,0.5931180391348475,-6.13924033750029
ACGATGTTCTGCGGCA-1,0.010746607397480732,-2.4073383056463444
ACGCAGCAGCTTCGCG-1,-1.4633552908630165,-2.8257184790427496
ACGCAGCAGTGGTAGC-1,2.03078381626002,-6.186729266100637
ACGCAGCCAGGATCGA-1,-1.1360766354192717,-3.260876195521874
ACGCAGCCAGGGTATG-1,-2.477608980719799,-5.6675197267710296
ACGCAGCGTAGCGTGA-1,-0.3714404105620338,-5.91811296090049
ACGCAGCGTGGGTCAA-1,-0.7631576830302382,-2.2468824541049006
ACGCAGCTCCCTCAGT-1,0.10806785397736651,-6.760320392465424
ACGCCAGAGTAACCCT-1,-0.2534538709779462,-2.739567560663813
ACGCCAGAGTAGTGCG-1,0.5695676371992318,-3.03508878624445
ACGCCAGAGTCAAGCG-1,1.3939415597309126,-2.9259770647060144
ACGCCAGCAACTGCTA-1,-2.5633032144604506,-3.281668486435882
ACGCCAGCACACCGAC-1,-0.36087753206440637,-1.2886083985259675
ACGCCAGGTCTCTCTG-1,-1.3370630176148015,-4.828784601269263
ACGCCAGGTTCCTCCA-1,1.1201123261984525,-3.610117850026686
ACGCCAGTCCAAACAC-1,-0.3016606769621603,-3.9436940226602752
ACGCCAGTCCTCAACC-1,1.780436659556691,-3.971035655145872
ACGCCAGTCCTTGACC-1,-0.6176941662171894,-3.387849416228302
ACGCCGAAGATCTGAA-1,1.0300343740350768,-3.8107696683665337
ACGCCGAAGATGTAAC-1,-0.8957935863825472,-3.883756963079164
ACGCCGAAGCGGCTTC-1,-2.07025519637975,-3.572229266340532
ACGCCGAAGCTGGAAC-1,-2.328075199586443,-2.300005201836062
ACGCCGAAGTGGAGTC-1,1.7346707783494208,-5.044078879052045
ACGCCGACAGTATAAG-1,0.7001688772763986,-3.7534180733299682
ACGCCGAGTGCAACGA-1,1.344271270884797,-5.321053376360527
ACGCCGAGTTTGACAC-1,-2.7930965451732463,-4.640158358249377
ACGCCGATCAGCTCGG-1,-1.9004765160998645,-6.92217145721114
ACGCCGATCCTGCTTG-1,-1.5690630461587711,-4.039203316812643
ACGCCGATCGTACCGG-1,-0.7372406164563519,-3.2545447980747566
ACGGAGACATATGGTC-1,-1.6277191483252311,-2.9875341740361137
ACGGAGAGTGCGATAG-1,-0.10636404728526805,-3.1321282514164825
ACGGAGAGTTCAGCGC-1,-2.842036471207507,-4.639504738694908
ACGGAGATCAATCACG-1,-1.8508616671279952,-6.639765059076077
ACGGAGATCCTAAGTG-1,1.5444951302344676,-4.8439884124010275
ACGGAGATCGCGATCG-1,0.644560957193481,-3.2275114166547163
ACGGCCAAGGAGTTTA-1,1.2681786390676237,-3.2969383054571755
ACGGCCAAGGGCTTGA-1,-3.370776653458082,-4.209267693347052
ACGGCCACAGGGTTAG-1,-0.014290836022281206,-3.7591277034736232
ACGGCCAGTTATTCTC-1,1.315866789062889,-3.1317962849124434
ACGGCCAGTTGCGCAC-1,1.5195858614076136,-5.365398590913112
ACGGCCATCGTCCAGG-1,-1.5215852210322285,-5.331607676150471
ACGGGCTAGGGTCTCC-1,-0.4225336109730731,-1.197428438138008
ACGGGCTCACCTCGGA-1,-1.3024133354037355,-2.6790402247085288
ACGGGCTGTATGAATG-1,-3.4533262819828434,-4.320679511669198
ACGGGCTGTATTCTCT-1,-1.1027607630501388,-1.267757839977606
ACGGGCTGTGGAAAGA-1,1.571447195666974,-5.782371662797806
ACGGGCTTCAGAGCTT-1,-3.487312578699647,-4.022475969096092
ACGGGTCAGGCGATAC-1,-1.6464781312565515,-4.6132195906167315
ACGGGTCAGGGCTCTC-1,-0.8559997895421433,-2.0307902457884395
ACGGGTCAGTGGACGT-1,-1.1449056760577192,-2.744307459921451
ACGGGTCCAAGTCTAC-1,0.003397329578692572,-2.542743296115054
ACGGGTCGTCTGCAAT-1,-0.8407315999601905,-3.115022954640684
ACGGGTCTCGTCCAGG-1,0.5431599096999993,-1.6571683045657033
ACGTCAAAGGCTCAGA-1,1.2525506608530546,-3.1449426905033295
ACGTCAACAAGAAAGG-1,-1.0618724266715174,-4.407038441230825
ACGTCAACAATGGAGC-1,0.15055788185343327,-3.266719718040464
ACGTCAAGTCTAAACC-1,0.6873592898259563,-0.9467437631075457
ACGTCAAGTGATAAGT-1,0.38339392601554745,-1.094083071179712
ACGTCAATCACCATAG-1,-0.878046151543217,-2.904317852867008
ACGTCAATCCCTTGTG-1,-1.3193753257897294,-4.907963187401879
ACGTCAATCTGACCTC-1,-2.2063539715036375,-4.828256507171569
ACTATCTAGCTGCCCA-1,1.2679527681526999,-1.8734786702386328
ACTATCTCACATGACT-1,-0.2958184514146189,-4.791712455354903
ACTATCTCAGATCTGT-1,-0.7434873678707512,-4.851087889231501
ACTATCTGTAGAGGAA-1,-1.8411563999514446,-4.54165531488364
ACTATCTGTCGACTAT-1,-0.7074095538356129,-3.065532899148225
ACTATCTTCAATCACG-1,-0.6249487960778932,-2.0204597070989334
ACTGAACAGAGTCGGT-1,-1.6793241448070184,-6.558110468058474
ACTGAACAGCCCAATT-1,1.065144778357197,-4.049201227141369
ACTGAACAGCCCTAAT-1,0.393488607298824,-2.3489942421054884
ACTGAACAGCGATAGC-1,1.4123847761393091,-3.687736224791732
ACTGAACAGCGGATCA-1,0.6962305278898226,-6.732893452342426
ACTGAACCACAAGACG-1,-0.6235478031262744,-1.0654139701210248
ACTGAACCACGGTTTA-1,0.06868849153555699,-4.208791555925185
ACTGAACCAGCTGCAC-1,-1.4824653842599225,-2.6410093380555355
ACTGAACGTCTCTTTA-1,-2.5591742412179257,-4.654647195203121
ACTGAACTCCATGAAC-1,-2.188218873753946,-4.25123419737762
ACTGAGTCATAACCTG-1,-0.2945991929748093,-1.2710050633442338
ACTGAGTTCACAACGT-1,0.7340219712635448,-5.576590583402803
ACTGTCCCACGCATCG-1,-1.1212981462650768,-6.974269932920474
ACTTTCACAGCGAACA-1,-1.0276899799743375,-5.8513834635771325
ACTTTCAGTGGTCCGT-1,0.027517716746408603,-5.176324778096057
AGACGTTTCCGGCACA-1,1.2742067847945753,-6.44004921703987
AGAGCTTGTAATTGGA-1,0.9895091173993511,-5.262803116432279
AGATCTGCAGATGGCA-1,1.2021977014679912,-6.518266763401989
AGCAGCCAGAGTGACC-1,-2.1513687318515906,-4.525910155187927
AGCAGCCTCCGCGGTA-1,-1.784103129395298,-7.056772324276791
AGCCTAATCTGATTCT-1,-1.96884602607627,-6.5976822525233665
AGCGGTCAGATGTGTA-1,-0.11259102685072894,-4.230924552071296
AGCGTATAGCTGAACG-1,-0.15545847159120119,-3.7896607491704417
AGCTCCTAGAAACCTA-1,-0.2236545092395078,-6.594952671302366
AGCTCTCAGAAGCCCA-1,-3.417125342181456,-4.83710638374982
AGGGAGTCAGCTCGCA-1,1.601778219709117,-2.481464453365965
AGGGAGTTCGAGGTAG-1,1.061928311120363,-1.6208341230822343
AGGGTGAGTATGCTTG-1,2.187624746726178,-5.242305760734626
AGTAGTCGTTGTCGCG-1,1.471056632340902,-3.049968647329063
AGTCTTTGTATAGTAG-1,-0.24730972158095507,-3.841386471655542
AGTGAGGGTCACCCAG-1,-1.738470293933896,-4.6780964104887905
AGTGTCAGTAGGCATG-1,0.6021115536967837,-6.801430124642142
ATAGACCCAACTTGAC-1,-1.2025961843229833,-5.441145793816853
ATAGACCCAATACGCT-1,-1.7574317238230686,-4.966865512929358
ATAGACCCATTCTTAC-1,-0.3128360653750867,-5.687597844717413
ATCGAGTTCGTCTGAA-1,-1.0235573191260698,-4.341520750284112
ATCTGCCAGACTCGGA-1,1.5193033323388718,-3.071858516124719
ATGAGGGCACATCTTT-1,-0.45067486622572506,-4.562209264921439
ATTACTCTCAACGGGA-1,-0.6875806272834535,-3.869995760123533
ATTCTACGTGATGTGG-1,-1.3711153375103793,-4.701058555222134
ATTCTACGTGTTTGGT-1,1.2549354484278752,-4.763393831946421
ATTCTACTCAAGGCTT-1,0.00409715822039915,-5.655111983791316
ATTGGACGTTAGAACA-1,-0.7807175925794184,-6.51815902374546
CAACCAACAGAGTGTG-1,1.1230576457810293,-1.6514822289599203
CAACTAGCAGGATTGG-1,2.0531389518395335,-5.319114472892716
CAAGATCGTAAGGGAA-1,-0.0515783931465481,-3.779504161497442
CAAGTTGAGGAACTGC-1,-0.8162403931802007,-3.5834951141048963
CACAAACCAGTTCCCT-1,-1.1498328442064998,-1.3591108821228204
CACACAAGTCATCCCT-1,2.2709413912237024,-5.158646199184839
CACACCTGTCAGAATA-1,-1.0859264815363778,-4.258922840765976
CACATAGTCTGGCGTG-1,0.9768053170539739,-6.833241392107076
CACCACTAGGCAGTCA-1,1.318318412750717,-1.5462704735641217
CACCAGGAGGCTCATT-1,1.2770429105035677,-4.766854700159203
CACCTTGGTAAGGGAA-1,-1.8244341332242624,-7.129382521140359
CACCTTGGTTCTGAAC-1,-0.4830890465621282,-3.773763477656966
CAGCTAAAGAGTCTGG-1,0.23477910390201967,-6.35899853274319
CATATGGGTAAATGAC-1,-2.5019313082785213,-5.496489475857671
CATATTCTCGTCGTTC-1,-0.08501181363983303,-3.979212401269058
CATCAAGCAGAAGCAC-1,1.9639511778287395,-5.976271886474724
CATCGAACAGTCAGAG-1,1.1636667271070869,-1.4537426082834988
CATGACAAGATATGGT-1,-0.4587684493410536,-6.07345883032395
CATGACAGTCAGTGGA-1,0.036917695560130574,-6.58618934272027
CATGACATCCCAGGTG-1,0.2012775933468984,-4.9099670383795475
CATGGCGTCTGCAAGT-1,0.8387267759697241,-3.42439726626915
CATTATCCACTGCCAG-1,-2.1754754798686577,-7.013931620474879
CATTCGCCACTGTCGG-1,1.4770844640300895,-4.394984688751516
CCACGGACATCCGCGA-1,-1.557912026814789,-6.33323712160146
CCACTACAGTAGCCGA-1,-0.49201765314578283,-5.468547910357513
CCATTCGAGTGTCCCG-1,0.6140107566396052,-6.39314705363328
CCATTCGCACTGTCGG-1,-1.3594772959431933,-1.7381045227249512
CCATTCGTCAGGTTCA-1,1.8256372059040546,-5.9607990942391735
CCCAGTTTCGGCGCTA-1,-1.8663578676233916,-5.3548146428351355
CCGGTAGCACTTCGAA-1,0.5267218955973524,-6.6805328805498405
CCGGTAGTCGAATCCA-1,0.5424496109205547,-5.40982862180929
CCTAAAGCATAGACTC-1,1.0469358931610944,-2.2882747010934157
CCTCAGTCATGTTGAC-1,-1.00885015526947,-2.1621798194498574
CCTCTGACAACACCCG-1,-2.3174489726348906,-6.496428958725717
CCTTCGAAGGAGTTTA-1,-2.1294378029237553,-5.987186889747536
CCTTCGAGTCCAGTAT-1,0.8711561773466122,-6.181464966876773
CGAACATCACAGACTT-1,-2.127370684854209,-7.010262131569586
CGAACATCAGACTCGC-1,1.3251358343206903,-6.187238728512159
CGACCTTAGAAACGCC-1,-3.2844699805071826,-4.53590775893715
CGACTTCAGGCATTGG-1,-1.484043926994835,-7.0565736052475225
CGAGCACAGAGCCCAA-1,0.21557310796626353,-4.933551180779165
CGAGCCAAGTCGATAA-1,0.9193041552220991,-4.166712374562926
CGAGCCAGTGACGCCT-1,-1.0888247081898523,-5.10396798708293
CGCTATCCAGTGGAGT-1,-0.6677461673779647,-6.196122678450451
CGGACTGCAGATCCAT-1,0.14461746085670682,-1.9144085752323072
CGGACTGGTATAGGGC-1,-2.9207495299060633,-5.4083180695616475
CGGAGCTGTGAGTGAC-1,-0.8343991563779036,-5.6480298897782095
CGGAGCTTCAGCGACC-1,-0.08565474725520042,-6.299054161157784
CGGAGTCTCGCGATCG-1,0.3219862445077278,-5.82516181441381
CGGCTAGAGACTGTAA-1,1.3053773154685846,-3.3117149715435574
CGGTTAACATAACCTG-1,1.9311557989126285,-5.321520203895074
CGTAGCGGTATATGGA-1,1.5855286090423744,-6.291615778149701
CGTAGGCTCTTTAGGG-1,2.054225006474656,-2.547373779076869
CGTCACTAGGATGCGT-1,-1.5516901126833058,-5.871518388747641
CGTCAGGTCAGCAACT-1,2.1094035213335216,-6.080091308777063
CGTCTACAGAGTAAGG-1,-1.4153905191601346,-3.6624640370991437
CGTCTACGTTCAACCA-1,-0.4411597561630359,-4.222041250105404
CGTCTACTCAATAAGG-1,-2.920995673742446,-2.3660713845080745
CGTGAGCGTTATCACG-1,-2.9109416243496153,-4.151061709604902
CGTGAGCTCACCTCGT-1,-1.2425274683069638,-5.999121563084856
CGTTCTGTCTCGAGTA-1,1.4735084786853774,-5.970417831132987
CGTTGGGCATGAAGTA-1,1.1051738303676018,-5.221719991471549
CTACACCAGCGATTCT-1,0.192436389565875,-5.598380151959079
CTACATTTCCCGACTT-1,1.8277702788537902,-6.13991483557435
CTACCCACATATACCG-1,0.9513792670760601,-2.040106863587611
CTACGTCGTAGGAGTC-1,1.2161612135100692,-5.3144194776722005
CTAGTGAGTTAAAGTG-1,1.7486978638858095,-3.488058128878899
CTAGTGATCTTCATGT-1,0.09680227860123966,-6.656905457246629
CTCGAAATCAAAGACA-1,0.23653401586486134,-5.88157419653763
CTCGAGGAGAGACTTA-1,2.229255228647212,-4.285227329395144
CTCGAGGTCACTTACT-1,1.857015042021007,-4.764758009888862
CTCGAGGTCCTTGGTC-1,1.8488195243164594,-3.339346331522674
CTCGGGAAGATCCTGT-1,2.0691260507477236,-5.728740485499639
CTCGTACAGCGATTCT-1,0.5974942990615647,-4.507829814246314
CTCGTACTCACCGTAA-1,1.3941445533544452,-5.4443873443946975
CTGAAGTTCGTTTAGG-1,-1.1066430833275425,-7.060267277448112
CTGATAGAGTGACATA-1,-0.36386161946628687,-4.589786232482058
CTGATAGTCTGCAAGT-1,-0.5040813977060057,-5.108994899017587
CTGATCCCAAATACAG-1,-2.834669915575943,-2.551614204583853
CTGATCCTCAAGATCC-1,-0.47448782831942155,-3.4560185217410893
CTGATCCTCGCAAGCC-1,1.928456902672364,-2.7880386920594167
CTGCCTAAGACACTAA-1,0.6839628642452921,-3.362507956323372
CTTAACTTCATAGCAC-1,0.6047805560750822,-6.859659838757618
CTTAGGATCAGATAAG-1,-1.356139204197976,-6.647913387788514
CTTCTCTCATGACATC-1,-0.24919961448378544,-6.793871483183934
CTTCTCTTCCTTAATC-1,-0.5494643791428179,-5.7812932155238705
CTTCTCTTCGTCGTTC-1,0.3117920551194056,-4.531206785613347
CTTTGCGCAAGGCTCC-1,-1.1613873490945785,-6.675472884064891
GAAATGAAGAGGTTAT-1,-2.9367648896047345,-5.132466233520668
GAACATCAGGATGGTC-1,2.330050523605661,-3.7871075423881004
GAACATCAGTGAACGC-1,1.5026739234388464,-6.589788834396883
GAACATCCATCGTCGG-1,-2.774095653070605,-4.906497085115523
GAATGAAAGAATCTCC-1,-1.4240185364931317,-5.31634740033311
GAATGAACAGCCTGTG-1,-1.6348398077804427,-5.073623958662923
GACCTGGCAAGCTGGA-1,0.05864352682058595,-6.8191683481953485
GACGTGCAGACGCACA-1,-3.2755951811951354,-5.254544509182613
GACTAACAGAGGTAGA-1,0.7078871320830606,-6.134682695901908
GAGGTGACACCTCGGA-1,1.4979178017065686,-2.216891704657967
GAGTCCGTCACTGGGC-1,-1.9104761255047795,-3.0371090929235764
GATCGCGTCTTGCATT-1,-2.118296713456399,-3.5892773931728583
GATGAGGAGGATGCGT-1,-3.4202225917994866,-4.9566857135263485
GCAAACTGTAAACACA-1,1.5009704377322928,-5.612292746992289
GCAGCCATCTAGCACA-1,-0.20489036476207168,-4.955542310754839
GCATACAAGGTAGCCA-1,-0.1939451108834814,-4.79933142365191
GCATGATTCAGCAACT-1,-3.4273183462210404,-4.772891935938604
GCGAGAAAGCCAGTAG-1,0.43218270353778904,-5.932496074445351
GCGCAGTGTACCATCA-1,-2.026667767057888,-5.0213990438662455
GCGCCAAAGTGTTGAA-1,2.2009159986697813,-5.8978121209868775
GCTCTGTGTTTCCACC-1,1.0461223806545272,-6.160390048405349
GCTGCTTCAATAGCAA-1,1.4776681042353232,-3.6628234697941067
GGAAAGCAGTGTTTGC-1,-0.7509095315233171,-4.188054740797048
GGAACTTCACGAAATA-1,-0.49493574547417296,-1.610101223555582
GGATGTTGTCTAGTGT-1,-1.1950643833227441,-5.75522176422193
GGGAGATAGCGCCTCA-1,0.9380802310965278,-1.0987901552629848
GGGCACTAGTTTGCGT-1,-1.404112963297231,-3.4545526906413992
GGGCATCAGTCACGCC-1,-2.3497174130052616,-5.654285081299075
GGGTCTGAGACCTAGG-1,0.32045319039114983,-6.021619700194474
GGGTCTGGTCATGCAT-1,0.6037133299546354,-5.547063120421807
GGTATTGCACTGTGTA-1,0.8153697476682226,-3.5721522910567276
GGTATTGGTTCTGGTA-1,0.3799441116992451,-3.2856344462058704
GGTGCGTCAATGAATG-1,-0.049455310171242356,-6.583811620021313
GGTGCGTGTGGGTCAA-1,0.4611661885562538,-5.157895191952263
GGTGTTACACGTCTCT-1,-0.2312139262215228,-5.666025677197178
GTACTCCGTACAGTGG-1,1.6237043557967263,-5.20275461539458
GTACTTTTCCAGGGCT-1,-1.2700196464083149,-2.9992844200052793
GTAGGCCGTTGGTTTG-1,0.9023409933182475,-6.251109920964258
GTAGTCAAGTCTCGGC-1,-0.15074936532176367,-5.15961422906905
GTAGTCACAATGGATA-1,-2.568706922063033,-4.236231178559368
GTAGTCAGTCACCTAA-1,-1.859883477540662,-4.481154856532363
GTCAAGTCACGGTAGA-1,0.40735899253047275,-4.105637403468037
GTCAAGTCAGTTTACG-1,-2.19368606644865,-6.963326303870505
GTCGGGTGTTGCGCAC-1,-0.7464351885311581,-5.9614391661870965
GTCGTAAGTAATCGTC-1,-0.4601735687313344,-5.421959250527447
GTCTCGTTCCTAGAAC-1,-1.7613258148195676,-5.709042663353771
GTGAAGGGTGCAACGA-1,1.8072724762061687,-5.696262146463412
GTGCAGCGTACAAGTA-1,-0.5341946506486828,-6.427370454358252
GTGCATAAGAAGATTC-1,-0.2902388340134877,-6.507323963818661
GTGCGGTGTCACAAGG-1,-1.6993353347936306,-4.356993698478351
GTGCTTCGTAAGTAGT-1,0.1497433211578049,-5.832263565241326
GTGTGCGTCTGGTATG-1,-1.6905018521220405,-7.080906641254589
GTGTTAGGTACAGTTC-1,0.12444646193726648,-6.401558720415653
GTGTTAGGTTAAAGTG-1,1.2546856210897666,-5.6736979623913975
TACCTATCACTTAACG-1,-1.475298665032357,-5.636496078277337
TACCTTAAGAGCCCAA-1,0.9300143556512098,-1.2928217420052535
TACGGGCAGCTATGCT-1,0.3231950355624762,-1.6755911417298286
TACGGGCTCTCGTTTA-1,0.09751823702355364,-6.274269949086691
TACGGTAAGATGTAAC-1,-2.955146034094086,-5.257790238761937
TACTCGCAGCGTAGTG-1,0.10921413876352905,-5.1289952705008215
TACTTACCATCTCGCT-1,0.8243732633970391,-5.348875151912784
TACTTGTAGTTAACGA-1,-0.4481646985200048,-4.274262034885143
TAGACCAAGCTAACTC-1,-0.9903878337769574,-5.300577618341379
TAGAGCTCACGTCAGC-1,-2.1015174894951603,-6.828430216780202
TAGCCGGGTGTGTGCC-1,-2.6542567322550368,-5.011560755100694
TAGGCATAGAAACGCC-1,0.1577818815886095,-4.304851496965822
TAGGCATCAACTTGAC-1,-1.323700056330297,-5.004145380348751
TAGTTGGGTCAGATAA-1,0.2829155344015158,-7.0314597824250695
TATCAGGAGTCAAGGC-1,1.490267310880376,-6.540150330098199
TATGCCCTCCCTCAGT-1,0.8610100869480442,-5.473736498563905
TATTACCCAAAGCGGT-1,-0.7301186321348467,-2.371425600208625
TCAACGACAGCGTTCG-1,1.2763826335610844,-4.890115030479324
TCAGGATCAACTGCGC-1,-0.9978029566850386,-3.6818204734641027
TCAGGTAGTGTGGTTT-1,0.7088166538008466,-6.7624819913548855
TCAGGTATCGCGATCG-1,-0.34199746062265357,-5.876789759675819
TCCCGATAGTGTACTC-1,1.3108330908170227,-4.334983944225929
TCCCGATCACATGTGT-1,1.1643136982104072,-4.3412975406260905
TCCCGATTCACCCTCA-1,2.2145090954134994,-3.9601455592575983
TCGAGGCAGTGCAAGC-1,-1.0581863385857773,-4.444527882319075
TCGCGAGAGAAACCTA-1,2.1424250670257257,-5.73547364367961
TCGCGTTAGCTGCCCA-1,0.14737006249383197,-3.8515700217244166
TCGCGTTCACAGTCGC-1,-1.4655915326416036,-5.989451671561408
TCGCGTTTCACAGGCC-1,2.268722394396241,-6.008879477876365
TCGCGTTTCCGTACAA-1,-0.8759218795527416,-3.3938400618487954
TCGGTAAGTATAGTAG-1,-1.6749600886389977,-3.8212368058149426
TCGGTAAGTCTAGTCA-1,2.261746352857423,-5.482941834814019
TCGTACCCAATAACGA-1,1.4262482532117602,-3.2417922417701726
TCTCATAGTATCGCAT-1,1.6105307707888725,-5.02541247496025
TCTGAGATCTCACATT-1,-1.3785076148057747,-7.160569498135188
TCTGGAAAGTAGTGCG-1,1.7787543219852977,-5.488765239493288
TGACAACGTTTGGCGC-1,-1.0486128511650425,-5.89714792840559
TGACAACTCAACGGGA-1,-2.2228298502458275,-6.34613846372458
TGACTTTCATTCCTCG-1,-2.4291090986986728,-5.130504796722893
TGACTTTTCCGATATG-1,0.2832568488382489,-3.1804599563850764
TGAGCATCACTTAAGC-1,-1.821075211336748,-3.314755173916628
TGAGCCGTCATCTGTT-1,-0.6092151630390711,-3.993770418505654
TGAGGGAAGGCATGGT-1,1.551848768805523,-6.2445155039334335
TGATTTCTCACGCGGT-1,0.7137624810708574,-2.5180414528434527
TGATTTCTCCAAACAC-1,0.9534326648595698,-2.1826939228850355
TGCCAAAAGGATGCGT-1,-0.171327969346098,-5.409174591478599
TGCCAAACATGAAGTA-1,-1.9690820177644293,-7.050267850751535
TGCGGGTAGAGTAATC-1,1.2713020563038315,-6.772658729540047
TGCGGGTAGCAGACTG-1,-1.1421067248993149,-4.009579616181598
TGCTGCTCAGATAATG-1,0.43492055133842084,-2.7095394066631617
TGCTGCTCATTACGAC-1,-0.02621093863632916,-6.166741347602885
TGGACGCTCAACTCTT-1,-2.1723818066805713,-5.913768896502727
TGGCCAGTCAGGATCT-1,0.4510077768891891,-4.751850426075852
TGGCTGGTCTACCTGC-1,-0.7231122260675116,-2.262213084457492
TGGGAAGGTCGCTTCT-1,-0.1427843050295392,-5.432157886338588
TGGGCGTGTGCAACTT-1,-2.2336039544995323,-5.627947004033835
TGGGCGTTCACGACTA-1,0.09778741333902595,-6.330988593065316
TTAGGACGTAATCGTC-1,0.9226170434375774,-6.414046854831046
TTAGTTCGTATCACCA-1,1.3968539149390242,-5.955838094275989
TTCTACAAGGCTATCT-1,0.16251899684097537,-6.565907312219148
TTCTCAACAGTAACGG-1,-0.8606194835709641,-6.275890563851972
TTGAACGCACGAAGCA-1,-1.5339568386210687,-6.645108453444495
TTGACTTCAGGTCGTC-1,0.3627963799600844,-6.477652584117853
TTGACTTTCGTTGACA-1,-1.1671948598577515,-4.054776990057241
TTGCGTCCATGGAATA-1,-0.470195726921073,-6.564637071240783
TTGGAACGTGTTTGTG-1,-0.6909224367967741,-4.760541114267459
TTTACTGTCCCTGACT-1,1.9616318640191217,-4.515898962261638
TTTCCTCGTACACCGC-1,0.3056561661235539,-4.642167425027345
