Barcode,PC-1,PC-2,PC-3,PC-4,PC-5,PC-6,PC-7,PC-8,PC-9,PC-10
AAACCTGTCTTGAGAC-1,-1.353432580775846,0.04512328751293648,0.09833481435517313,0.04995344505634849,-0.0033920380893535064,-0.019252911935812234,-0.0177056939157026,0.03416631178470403,0.024566983305221737,-0.011456171220262525
AAACGGGGTTAAGACA-1,1.3024364825692614,-1.2554848484321566,2.309731057659985,0.2447242366316081,0.48939462827296715,0.23847810729272378,-0.011139987962392886,0.060055642885177174,0.0032533683066303803,0.018568716372172226
AAAGATGAGTGGGATC-1,0.8809847706132672,-0.3135741012351563,-0.7696135519480687,-0.7829284938625668,-0.25036903745958666,0.40846852663075045,0.5202571592347937,-1.2142151138637902,-0.15856719139763106,-0.46979621862413007
AAAGATGGTGCACTTA-1,0.9020216295647732,-0.3476021954689975,-0.8668293802347217,-0.9896845905092879,-0.35008332167843403,0.6103442233516632,0.9267205842494443,-3.8535066533417903,5.699787243498365,2.894568653489915
AAAGCAACATACAGCT-1,1.292030630794828,2.534982586618636,0.2404130381714676,0.38415741170980067,-0.03789297278144668,-0.18548906138641433,-0.10791118736295399,0.13897225030526703,0.009709946409122247,0.031075648953047333
AAATGCCCACGAAAGC-1,-1.353432580775846,0.04512328751293648,0.09833481435517313,0.04995344505634849,-0.0033920380893535064,-0.019252911935812234,-0.0177056939157026,0.03416631178470403,0.024566983305221737,-0.011456171220262525
AACCATGGTTGACGTT-1,1.010810767027164,-0.787476923228244,-0.5320854030544271,-2.4956361414119534,-0.8372895842921445,-3.7438398468398213,-0.9839353944021388,0.830659371273223,0.05947183654659259,0.1424994329872086
AACGTTGTCGGTCCGA-1,1.292030630794828,2.534982586618636,0.2404130381714676,0.38415741170980067,-0.03789297278144668,-0.18548906138641433,-0.10791118736295399,0.13897225030526703,0.009709946409122247,0.031075648953047333
AACTCAGAGAGCTATA-1,-1.353432580775846,0.04512328751293648,0.09833481435517313,0.04995344505634849,-0.0033920380893535064,-0.019252911935812234,-0.0177056939157026,0.03416631178470403,0.024566983305221737,-0.011456171220262525
AACTCAGCAATCAGAA-1,0.8976953887510439,-0.34015246995928083,-0.8452800345965877,-0.9396060972599999,-0.3240373241383447,0.5549866345146323,0.8004990563208454,-2.678476948189748,-0.8828065456387344,-6.500034647333665
AACTCAGGTACCGGCT-1,-1.353432580775846,0.04512328751293648,0.09833481435517313,0.04995344505634849,-0.0033920380893535064,-0.019252911935812234,-0.0177056939157026,0.03416631178470403,0.024566983305221737,-0.011456171220262525
AACTCTTCATGCCCGA-1,1.3024364825692614,-1.2554848484321566,2.309731057659985,0.2447242366316081,0.48939462827296715,0.23847810729272378,-0.011139987962392886,0.060055642885177174,0.0032533683066303803,0.018568716372172226
AACTTTCGTGAACCTT-1,-1.353432580775846,0.04512328751293648,0.09833481435517313,0.04995344505634849,-0.0033920380893535064,-0.019252911935812234,-0.0177056939157026,0.03416631178470403,0.024566983305221737,-0.011456171220262525
AAGACCTTCTCTGTCG-1,0.9635491709457245,-0.7988911847345094,-2.0618146623138016,0.9814262110386042,3.47637995898633,-0.2839992658219426,-0.38269544221782076,0.4440225345739189,0.024863573241858224,0.09536793912845448
AAGCCGCTCGGAGCAA-1,-1.353432580775846,0.04512328751293648,0.09833481435517313,0.04995344505634849,-0.0033920380893535064,-0.019252911935812234,-0.0177056939157026,0.03416631178470403,0.024566983305221737,-0.011456171220262525
AAGGAGCAGTCGAGTG-1,-1.353432580775846,0.04512328751293648,0.09833481435517313,0.04995344505634849,-0.0033920380893535064,-0.019252911935812234,-0.0177056939157026,0.03416631178470403,0.024566983305221737,-0.011456171220262525
AAGGAGCAGTTCGCAT-1,-1.353432580775846,0.04512328751293648,0.09833481435517313,0.04995344505634849,-0.0033920380893535064,-0.019252911935812234,-0.0177056939157026,0.03416631178470403,0.024566983305221737,-0.011456171220262525
AAGGTTCGTTGGACCC-1,0.9246101071048098,-0.3910137457631524,-0.9954802587238398,-1.3560653682914856,-0.5908251553327016,1.2346144576470521,4.617840953617436,3.148648339034872,0.1469062347887508,0.3476242480784342
AAGGTTCGTTGGTAAA-1,-1.353432580775846,0.04512328751293648,0.09833481435517313,0.04995344505634849,-0.0033920380893535064,-0.019252911935812234,-0.0177056939157026,0.03416631178470403,0.024566983305221737,-0.011456171220262525
AATCGGTCAAGCCTAT-1,0.7374127175413037,-0.31813328429890586,-0.7917117131175669,-0.9039124887287441,-0.34665571750220997,0.5466246351646089,0.825066618649151,-3.2087352156395927,-5.855948094674351,4.242283617380979
AATCGGTCACAACTGT-1,-1.353432580775846,0.04512328751293648,0.09833481435517313,0.04995344505634849,-0.0033920380893535064,-0.019252911935812234,-0.0177056939157026,0.03416631178470403,0.024566983305221737,-0.011456171220262525
ACACCAACAGTAGAGC-1,1.1006755045440197,-1.0662325192216127,-2.3125315024234436,2.043881114193208,1.6682332821435026,-0.47088066512906745,-0.382040929521508,0.4472771396485795,0.02890077075184432,0.09337214559090509
ACACCCTGTAAGTGTA-1,1.2523444561725274,-1.6826543022148408,-1.4621777542807024,4.073144265538103,-3.474439981060342,-0.6118602736756344,-0.2156342102700064,0.29360482127071397,0.029990529918265365,0.05841785979924994
ACACTGAAGAGCCCAA-1,-1.353432580775846,0.04512328751293648,0.09833481435517313,0.04995344505634849,-0.0033920380893535064,-0.019252911935812234,-0.0177056939157026,0.03416631178470403,0.024566983305221737,-0.011456171220262525
ACAGCTAGTGCCTTGG-1,-1.353432580775846,0.04512328751293648,0.09833481435517313,0.04995344505634849,-0.0033920380893535064,-0.019252911935812234,-0.0177056939157026,0.03416631178470403,0.024566983305221737,-0.011456171220262525
ACATACGCACGGCGTT-1,-1.353432580775846,0.04512328751293648,0.09833481435517313,0.04995344505634849,-0.0033920380893535064,-0.019252911935812234,-0.0177056939157026,0.03416631178470403,0.024566983305221737,-0.011456171220262525
ACATCAGAGAGTAATC-1,-1.353432580775846,0.04512328751293648,0.09833481435517313,0.04995344505634849,-0.0033920380893535064,-0.019252911935812234,-0.0177056939157026,0.03416631178470403,0.024566983305221737,-0.011456171220262525
ACATCAGCAGGCAGTA-1,-1.353432580775846,0.04512328751293648,0.09833481435517313,0.04995344505634849,-0.0033920380893535064,-0.019252911935812234,-0.0177056939157026,0.03416631178470403,0.024566983305221737,-0.011456171220262525
ACATGGTTCCATGAGT-1,-1.353432580775846,0.04512328751293648,0.09833481435517313,0.04995344505634849,-0.0033920380893535064,-0.019252911935812234,-0.0177056939157026,0.03416631178470403,0.024566983305221737,-0.011456171220262525
ACCGTAACACATGACT-1,-1.353432580775846,0.04512328751293648,0.09833481435517313,0.04995344505634849,-0.0033920380893535064,-0.019252911935812234,-0.0177056939157026,0.03416631178470403,0.024566983305221737,-0.011456171220262525
ACCTTTAAGTTACCCA-1,-1.353432580775846,0.04512328751293648,0.09833481435517313,0.04995344505634849,-0.0033920380893535064,-0.019252911935812234,-0.0177056939157026,0.03416631178470403,0.024566983305221737,-0.011456171220262525
ACGAGGACAACACCCG-1,0.9020216295647732,-0.3476021954689975,-0.8668293802347217,-0.9896845905092879,-0.35008332167843403,0.6103442233516632,0.9267205842494443,-3.8535066533417903,5.699787243498365,2.894568653489915
ACGATACAGGCCGAAT-1,-1.353432580775846,0.04512328751293648,0.09833481435517313,0.04995344505634849,-0.0033920380893535064,-0.019252911935812234,-0.0177056939157026,0.03416631178470403,0.024566983305221737,-0.011456171220262525
ACGATGTCAGCCTGTG-1,0.9635491709457245,-0.7988911847345094,-2.0618146623138016,0.9814262110386042,3.47637995898633,-0.2839992658219426,-0.38269544221782076,0.4440225345739189,0.024863573241858224,0.09536793912845448
ACGCAGCGTTCGAATC-1,-1.353432580775846,0.04512328751293648,0.09833481435517313,0.04995344505634849,-0.0033920380893535064,-0.019252911935812234,-0.0177056939157026,0.03416631178470403,0.024566983305221737,-0.011456171220262525
ACGCCAGAGCGTTGCC-1,1.4684706332504054,0.7540228255743258,1.5038202788325892,0.3747651818960483,0.2657509255839248,0.02868098908217877,-0.07188301123522817,0.11980636118347154,0.00787902633210734,0.029816515917066022
ACGCCAGCATGTAGTC-1,-1.353432580775846,0.04512328751293648,0.09833481435517313,0.04995344505634849,-0.0033920380893535064,-0.019252911935812234,-0.0177056939157026,0.03416631178470403,0.024566983305221737,-0.011456171220262525
ACGCCAGGTCCGAGTC-1,1.1779117173312055,-1.7235923557899342,-0.5834442968260196,3.7842687089953193,-3.7854698485701364,-0.41675084564579107,-0.1286685277465529,0.21418295004310875,0.025916230827973875,0.04458037844335598
ACGCCAGGTCTTGTCC-1,-1.353432580775846,0.04512328751293648,0.09833481435517313,0.04995344505634849,-0.0033920380893535064,-0.019252911935812234,-0.0177056939157026,0.03416631178470403,0.024566983305221737,-0.011456171220262525
ACGCCGAAGTTGTAGA-1,-1.353432580775846,0.04512328751293648,0.09833481435517313,0.04995344505634849,-0.0033920380893535064,-0.019252911935812234,-0.0177056939157026,0.03416631178470403,0.024566983305221737,-0.011456171220262525
ACGGGTCAGATTACCC-1,1.3024364825692614,-1.2554848484321566,2.309731057659985,0.2447242366316081,0.48939462827296715,0.23847810729272378,-0.011139987962392886,0.060055642885177174,0.0032533683066303803,0.018568716372172226
ACGGGTCAGTTCGATC-1,-1.353432580775846,0.04512328751293648,0.09833481435517313,0.04995344505634849,-0.0033920380893535064,-0.019252911935812234,-0.0177056939157026,0.03416631178470403,0.024566983305221737,-0.011456171220262525
ACGGGTCCAATCCGAT-1,-1.353432580775846,0.04512328751293648,0.09833481435517313,0.04995344505634849,-0.0033920380893535064,-0.019252911935812234,-0.0177056939157026,0.03416631178470403,0.024566983305221737,-0.011456171220262525
ACGTCAAAGTTGAGTA-1,0.938980998861342,-0.42332498312523414,-1.0947837156929148,-1.7525934647603068,-1.019153217280794,3.2932490972322626,-3.2196762430662638,1.491871654448796,0.09208051302306362,0.2260581121772477
ACGTCAAGTCTAACGT-1,1.3024364825692614,-1.2554848484321566,2.309731057659985,0.2447242366316081,0.48939462827296715,0.23847810729272378,-0.011139987962392886,0.060055642885177174,0.0032533683066303803,0.018568716372172226
ACTATCTGTCCGTCAG-1,0.9635491709457245,-0.7988911847345094,-2.0618146623138016,0.9814262110386042,3.47637995898633,-0.2839992658219426,-0.38269544221782076,0.4440225345739189,0.024863573241858224,0.09536793912845448
ACTGAACAGATAGCAT-1,-1.353432580775846,0.04512328751293648,0.09833481435517313,0.04995344505634849,-0.0033920380893535064,-0.019252911935812234,-0.0177056939157026,0.03416631178470403,0.024566983305221737,-0.011456171220262525
ACTGAACAGTGTACGG-1,1.3024364825692614,-1.2554848484321566,2.309731057659985,0.2447242366316081,0.48939462827296715,0.23847810729272378,-0.011139987962392886,0.060055642885177174,0.0032533683066303803,0.018568716372172226
ACTGAACCAAGTAATG-1,1.292030630794828,2.534982586618636,0.2404130381714676,0.38415741170980067,-0.03789297278144668,-0.18548906138641433,-0.10791118736295399,0.13897225030526703,0.009709946409122247,0.031075648953047333
ACTGAACGTTTAGCTG-1,0.938980998861342,-0.42332498312523414,-1.0947837156929148,-1.7525934647603068,-1.019153217280794,3.2932490972322626,-3.2196762430662638,1.491871654448796,0.09208051302306362,0.2260581121772477
ACTGAGTCAATTGCTG-1,-0.27726251182577105,-0.4353613251443591,-1.136480470641744,0.6102114230468446,2.033207087290127,-0.17970676797231697,-0.23646218788737838,0.28310505045243095,0.02921099530816373,0.04986166142522017
ACTGAGTGTCCAGTTA-1,0.8809847706132796,-0.31357410123516916,-0.7696135519481035,-0.7829284938624528,-0.25036903745971184,0.4084685266307744,0.5202571592347092,-1.2142151138637842,-0.15856719139765513,-0.4697962186240062
ACTGATGAGGAGTCTG-1,-1.353432580775846,0.04512328751293648,0.09833481435517313,0.04995344505634849,-0.0033920380893535064,-0.019252911935812234,-0.0177056939157026,0.03416631178470403,0.024566983305221737,-0.011456171220262525
ACTGATGCAGCTCCGA-1,-1.353432580775846,0.04512328751293648,0.09833481435517313,0.04995344505634849,-0.0033920380893535064,-0.019252911935812234,-0.0177056939157026,0.03416631178470403,0.024566983305221737,-0.011456171220262525
ACTGCTCCATGAGCGA-1,0.7374127175413037,-0.31813328429890586,-0.7917117131175669,-0.9039124887287441,-0.34665571750220997,0.5466246351646089,0.825066618649151,-3.2087352156395927,-5.855948094674351,4.242283617380979
ACTTACTCACCTCGGA-1,-1.353432580775846,0.04512328751293648,0.09833481435517313,0.04995344505634849,-0.0033920380893535064,-0.019252911935812234,-0.0177056939157026,0.03416631178470403,0.024566983305221737,-0.011456171220262525
ACTTACTGTGGAAAGA-1,1.292030630794828,2.534982586618636,0.2404130381714676,0.38415741170980067,-0.03789297278144668,-0.18548906138641433,-0.10791118736295399,0.13897225030526703,0.009709946409122247,0.031075648953047333
ACTTGTTCACCCAGTG-1,1.010810767027164,-0.787476923228244,-0.5320854030544271,-2.4956361414119534,-0.8372895842921445,-3.7438398468398213,-0.9839353944021388,0.830659371273223,0.05947183654659259,0.1424994329872086
ACTTGTTCAGGATTGG-1,-1.353432580775846,0.04512328751293648,0.09833481435517313,0.04995344505634849,-0.0033920380893535064,-0.019252911935812234,-0.0177056939157026,0.03416631178470403,0.024566983305221737,-0.011456171220262525
AGAATAGGTTGTGGAG-1,1.3039675584884098,-1.1894913978504922,1.0519376588498948,-1.309806056498717,-0.20186611535339155,-2.0528207848197364,-0.5843243220771376,0.5244173891815039,0.03698786602753343,0.09499525126550304
AGAGCGAAGAAGGTTT-1,1.292030630794828,2.534982586618636,0.2404130381714676,0.38415741170980067,-0.03789297278144668,-0.18548906138641433,-0.10791118736295399,0.13897225030526703,0.009709946409122247,0.031075648953047333
AGAGTGGGTAATCGTC-1,-1.353432580775846,0.04512328751293648,0.09833481435517313,0.04995344505634849,-0.0033920380893535064,-0.019252911935812234,-0.0177056939157026,0.03416631178470403,0.024566983305221737,-0.011456171220262525
AGATCTGGTAGCTGCC-1,-1.353432580775846,0.04512328751293648,0.09833481435517313,0.04995344505634849,-0.0033920380893535064,-0.019252911935812234,-0.0177056939157026,0.03416631178470403,0.024566983305221737,-0.011456171220262525
AGATCTGTCCACGAAT-1,-0.07902614255579715,-0.7024514964743696,1.4207098457309895,0.179268393811515,0.2859326786186289,0.12592290277505883,-0.01911618020953814,0.05849881729605527,0.01656983578815618,0.004936996028264173
AGCGGTCCATGGGAAC-1,0.8809847706132796,-0.31357410123516916,-0.7696135519481035,-0.7829284938624528,-0.25036903745971184,0.4084685266307744,0.5202571592347092,-1.2142151138637842,-0.15856719139765513,-0.4697962186240062
AGCGTATAGCTGGAAC-1,1.3024364825692614,-1.2554848484321566,2.309731057659985,0.2447242366316081,0.48939462827296715,0.23847810729272378,-0.011139987962392886,0.060055642885177174,0.0032533683066303803,0.018568716372172226
AGCGTATGTAAGTAGT-1,1.3024364825692614,-1.2554848484321566,2.309731057659985,0.2447242366316081,0.48939462827296715,0.23847810729272378,-0.011139987962392886,0.060055642885177174,0.0032533683066303803,0.018568716372172226
AGCGTATGTCCGTCAG-1,0.9635491709457245,-0.7988911847345094,-2.0618146623138016,0.9814262110386042,3.47637995898633,-0.2839992658219426,-0.38269544221782076,0.4440225345739189,0.024863573241858224,0.09536793912845448
AGCTCCTCAAGGGTCA-1,-1.353432580775846,0.04512328751293648,0.09833481435517313,0.04995344505634849,-0.0033920380893535064,-0.019252911935812234,-0.0177056939157026,0.03416631178470403,0.024566983305221737,-0.011456171220262525
AGCTCTCGTGGCAAAC-1,1.292030630794828,2.534982586618636,0.2404130381714676,0.38415741170980067,-0.03789297278144668,-0.18548906138641433,-0.10791118736295399,0.13897225030526703,0.009709946409122247,0.031075648953047333
AGCTCTCGTGGTACAG-1,-1.353432580775846,0.04512328751293648,0.09833481435517313,0.04995344505634849,-0.0033920380893535064,-0.019252911935812234,-0.0177056939157026,0.03416631178470403,0.024566983305221737,-0.011456171220262525
AGCTTGAGTCACAAGG-1,-1.353432580775846,0.04512328751293648,0.09833481435517313,0.04995344505634849,-0.0033920380893535064,-0.019252911935812234,-0.0177056939157026,0.03416631178470403,0.024566983305221737,-0.011456171220262525
AGCTTGAGTGCGCTTG-1,-1.353432580775846,0.04512328751293648,0.09833481435517313,0.04995344505634849,-0.0033920380893535064,-0.019252911935812234,-0.0177056939157026,0.03416631178470403,0.024566983305221737,-0.011456171220262525
AGCTTGATCACAGGCC-1,-1.353432580775846,0.04512328751293648,0.09833481435517313,0.04995344505634849,-0.0033920380893535064,-0.019252911935812234,-0.0177056939157026,0.03416631178470403,0.024566983305221737,-0.011456171220262525
AGGCCACGTGTTAAGA-1,0.8850757398820452,-0.3197783034863956,-0.7871087941594952,-0.8167450895516208,-0.26534806856704174,0.4371231598552608,0.5697870130068136,-1.404921455063379,-0.19913088093659714,-0.6104078227133019
AGGGAGTCAGTCACTA-1,1.3024364825692614,-1.2554848484321566,2.309731057659985,0.2447242366316081,0.48939462827296715,0.23847810729272378,-0.011139987962392886,0.060055642885177174,0.0032533683066303803,0.018568716372172226
AGGGATGTCTAAGCCA-1,-1.353432580775846,0.04512328751293648,0.09833481435517313,0.04995344505634849,-0.0033920380893535064,-0.019252911935812234,-0.0177056939157026,0.03416631178470403,0.024566983305221737,-0.011456171220262525
AGGTCATCATGGGACA-1,0.8892236943392104,-0.3262628334454961,-0.8055029354074089,-0.8537895931635822,-0.28231495380918875,0.4702623262501624,0.6300405612612177,-1.668104487833553,-0.2679998973998659,-0.872835109113774
AGGTCATGTTGGTAAA-1,-1.353432580775846,0.04512328751293648,0.09833481435517313,0.04995344505634849,-0.0033920380893535064,-0.019252911935812234,-0.0177056939157026,0.03416631178470403,0.024566983305221737,-0.011456171220262525
AGGTCCGAGACAAAGG-1,-1.353432580775846,0.04512328751293648,0.09833481435517313,0.04995344505634849,-0.0033920380893535064,-0.019252911935812234,-0.0177056939157026,0.03416631178470403,0.024566983305221737,-0.011456171220262525
AGTGAGGTCAGGTTCA-1,1.292030630794828,2.534982586618636,0.2404130381714676,0.38415741170980067,-0.03789297278144668,-0.18548906138641433,-0.10791118736295399,0.13897225030526703,0.009709946409122247,0.031075648953047333
AGTGAGGTCATCACCC-1,0.8892236943392104,-0.3262628334454961,-0.8055029354074089,-0.8537895931635822,-0.28231495380918875,0.4702623262501624,0.6300405612612177,-1.668104487833553,-0.2679998973998659,-0.872835109113774
AGTGGGAAGACTAAGT-1,-1.353432580775846,0.04512328751293648,0.09833481435517313,0.04995344505634849,-0.0033920380893535064,-0.019252911935812234,-0.0177056939157026,0.03416631178470403,0.024566983305221737,-0.011456171220262525
AGTGTCATCGGAAACG-1,0.9635491709457245,-0.7988911847345094,-2.0618146623138016,0.9814262110386042,3.47637995898633,-0.2839992658219426,-0.38269544221782076,0.4440225345739189,0.024863573241858224,0.09536793912845448
AGTTGGTCACCAGGTC-1,-1.353432580775846,0.04512328751293648,0.09833481435517313,0.04995344505634849,-0.0033920380893535064,-0.019252911935812234,-0.0177056939157026,0.03416631178470403,0.024566983305221737,-0.011456171220262525
AGTTGGTGTCAGGACA-1,0.8892236943392104,-0.3262628334454961,-0.8055029354074089,-0.8537895931635822,-0.28231495380918875,0.4702623262501624,0.6300405612612177,-1.668104487833553,-0.2679998973998659,-0.872835109113774
AGTTGGTTCTTGTATC-1,0.8976953887510439,-0.34015246995928083,-0.8452800345965877,-0.9396060972599999,-0.3240373241383447,0.5549866345146323,0.8004990563208454,-2.678476948189748,-0.8828065456387344,-6.500034647333665
ATAACGCGTCTAGTCA-1,-1.353432580775846,0.04512328751293648,0.09833481435517313,0.04995344505634849,-0.0033920380893535064,-0.019252911935812234,-0.0177056939157026,0.03416631178470403,0.024566983305221737,-0.011456171220262525
ATAGACCAGCTATGCT-1,-1.353432580775846,0.04512328751293648,0.09833481435517313,0.04995344505634849,-0.0033920380893535064,-0.019252911935812234,-0.0177056939157026,0.03416631178470403,0.024566983305221737,-0.011456171220262525
ATAGACCTCTATCCTA-1,-1.353432580775846,0.04512328751293648,0.09833481435517313,0.04995344505634849,-0.0033920380893535064,-0.019252911935812234,-0.0177056939157026,0.03416631178470403,0.024566983305221737,-0.011456171220262525
ATCACGAAGACTTGAA-1,-1.353432580775846,0.04512328751293648,0.09833481435517313,0.04995344505634849,-0.0033920380893535064,-0.019252911935812234,-0.0177056939157026,0.03416631178470403,0.024566983305221737,-0.011456171220262525
ATCATCTTCAGAGACG-1,1.3024364825692614,-1.2554848484321566,2.309731057659985,0.2447242366316081,0.48939462827296715,0.23847810729272378,-0.011139987962392886,0.060055642885177174,0.0032533683066303803,0.018568716372172226
ATCATGGCAAGGTTTC-1,1.3024364825692614,-1.2554848484321566,2.309731057659985,0.2447242366316081,0.48939462827296715,0.23847810729272378,-0.011139987962392886,0.060055642885177174,0.0032533683066303803,0.018568716372172226
ATCATGGGTGTCGCTG-1,-1.353432580775846,0.04512328751293648,0.09833481435517313,0.04995344505634849,-0.0033920380893535064,-0.019252911935812234,-0.0177056939157026,0.03416631178470403,0.024566983305221737,-0.011456171220262525
ATCGAGTAGGTGATTA-1,-1.353432580775846,0.04512328751293648,0.09833481435517313,0.04995344505634849,-0.0033920380893535064,-0.019252911935812234,-0.0177056939157026,0.03416631178470403,0.024566983305221737,-0.011456171220262525
ATCGAGTCAGCAGTTT-1,-1.353432580775846,0.04512328751293648,0.09833481435517313,0.04995344505634849,-0.0033920380893535064,-0.019252911935812234,-0.0177056939157026,0.03416631178470403,0.024566983305221737,-0.011456171220262525
ATCGAGTCATCATCCC-1,1.292030630794828,2.534982586618636,0.2404130381714676,0.38415741170980067,-0.03789297278144668,-0.18548906138641433,-0.10791118736295399,0.13897225030526703,0.009709946409122247,0.031075648953047333
ATCGAGTCATGCCACG-1,-1.353432580775846,0.04512328751293648,0.09833481435517313,0.04995344505634849,-0.0033920380893535064,-0.019252911935812234,-0.0177056939157026,0.03416631178470403,0.024566983305221737,-0.011456171220262525
ATCTACTCAACACGCC-1,1.292030630794828,2.534982586618636,0.2404130381714676,0.38415741170980067,-0.03789297278144668,-0.18548906138641433,-0.10791118736295399,0.13897225030526703,0.009709946409122247,0.031075648953047333
ATGAGGGAGCTCCTTC-1,0.8769496202382998,-0.3076324333508368,-0.7529528882711214,-0.7519355198075879,-0.23704784500724857,0.3834458167727099,0.4788220980888155,-1.0696703551747402,-0.1318332448208828,-0.3821596767327159
ATGAGGGCACGGCCAT-1,-1.353432580775846,0.04512328751293648,0.09833481435517313,0.04995344505634849,-0.0033920380893535064,-0.019252911935812234,-0.0177056939157026,0.03416631178470403,0.024566983305221737,-0.011456171220262525
ATGAGGGTCAGGATCT-1,0.9246101071048098,-0.3910137457631524,-0.9954802587238398,-1.3560653682914856,-0.5908251553327016,1.2346144576470521,4.617840953617436,3.148648339034872,0.1469062347887508,0.3476242480784342
ATGCGATAGATCCCGC-1,-1.353432580775846,0.04512328751293648,0.09833481435517313,0.04995344505634849,-0.0033920380893535064,-0.019252911935812234,-0.0177056939157026,0.03416631178470403,0.024566983305221737,-0.011456171220262525
ATGTGTGAGTATCTCG-1,-1.353432580775846,0.04512328751293648,0.09833481435517313,0.04995344505634849,-0.0033920380893535064,-0.019252911935812234,-0.0177056939157026,0.03416631178470403,0.024566983305221737,-0.011456171220262525
ATGTGTGCACCATGTA-1,0.8934298329990367,-0.33304712955066207,-0.8248670799951765,-0.8945473401708466,-0.3016935260069242,0.5090281634002,0.704923265181301,-2.054773524557192,-0.41067748231630774,-1.5363445749917903
ATGTGTGCAGTAAGCG-1,1.3024364825692614,-1.2554848484321566,2.309731057659985,0.2447242366316081,0.48939462827296715,0.23847810729272378,-0.011139987962392886,0.060055642885177174,0.0032533683066303803,0.018568716372172226
ATTCTACAGTGCCATT-1,1.3024364825692614,-1.2554848484321566,2.309731057659985,0.2447242366316081,0.48939462827296715,0.23847810729272378,-0.011139987962392886,0.060055642885177174,0.0032533683066303803,0.018568716372172226
ATTGGACGTACTCAAC-1,0.8850757398820437,-0.31977830348640024,-0.7871087941594928,-0.8167450895516598,-0.26534806856697457,0.43712315985527284,0.5697870130066967,-1.404921455063546,-0.19913088093715017,-0.6104078227125281
ATTGGTGGTTTACTCT-1,1.292030630794828,2.534982586618636,0.2404130381714676,0.38415741170980067,-0.03789297278144668,-0.18548906138641433,-0.10791118736295399,0.13897225030526703,0.009709946409122247,0.031075648953047333
ATTTCTGTCCGCATAA-1,1.010810767027164,-0.787476923228244,-0.5320854030544271,-2.4956361414119534,-0.8372895842921445,-3.7438398468398213,-0.9839353944021388,0.830659371273223,0.05947183654659259,0.1424994329872086
CAACCAAGTGTAACGG-1,1.010810767027164,-0.787476923228244,-0.5320854030544271,-2.4956361414119534,-0.8372895842921445,-3.7438398468398213,-0.9839353944021388,0.830659371273223,0.05947183654659259,0.1424994329872086
CAAGAAATCTCAACTT-1,1.292030630794828,2.534982586618636,0.2404130381714676,0.38415741170980067,-0.03789297278144668,-0.18548906138641433,-0.10791118736295399,0.13897225030526703,0.009709946409122247,0.031075648953047333
CAAGATCGTCTAGGTT-1,0.938980998861342,-0.42332498312523414,-1.0947837156929148,-1.7525934647603068,-1.019153217280794,3.2932490972322626,-3.2196762430662638,1.491871654448796,0.09208051302306362,0.2260581121772477
CAAGGCCAGAAGGCCT-1,1.4017153482511435,-1.7370838222454452,1.0218946319149917,2.36370278908644,-1.926441015322205,-0.10659848255942277,-0.08402527697433844,0.16380180018310747,0.0173590949931571,0.03771627625127972
CACAAACAGCGCCTTG-1,1.3024364825692614,-1.2554848484321566,2.309731057659985,0.2447242366316081,0.48939462827296715,0.23847810729272378,-0.011139987962392886,0.060055642885177174,0.0032533683066303803,0.018568716372172226
CACACAAAGATAGCAT-1,-1.353432580775846,0.04512328751293648,0.09833481435517313,0.04995344505634849,-0.0033920380893535064,-0.019252911935812234,-0.0177056939157026,0.03416631178470403,0.024566983305221737,-0.011456171220262525
CACACAAAGGTGATAT-1,-1.353432580775846,0.04512328751293648,0.09833481435517313,0.04995344505634849,-0.0033920380893535064,-0.019252911935812234,-0.0177056939157026,0.03416631178470403,0.024566983305221737,-0.011456171220262525
CACAGGCGTGCAGTAG-1,-1.353432580775846,0.04512328751293648,0.09833481435517313,0.04995344505634849,-0.0033920380893535064,-0.019252911935812234,-0.0177056939157026,0.03416631178470403,0.024566983305221737,-0.011456171220262525
CACATAGGTATTCGTG-1,-1.353432580775846,0.04512328751293648,0.09833481435517313,0.04995344505634849,-0.0033920380893535064,-0.019252911935812234,-0.0177056939157026,0.03416631178470403,0.024566983305221737,-0.011456171220262525
CACATTTTCAGTACGT-1,0.938980998861342,-0.42332498312523414,-1.0947837156929148,-1.7525934647603068,-1.019153217280794,3.2932490972322626,-3.2196762430662638,1.491871654448796,0.09208051302306362,0.2260581121772477
CACCACTCATCTGGTA-1,-1.353432580775846,0.04512328751293648,0.09833481435517313,0.04995344505634849,-0.0033920380893535064,-0.019252911935812234,-0.0177056939157026,0.03416631178470403,0.024566983305221737,-0.011456171220262525
CACCAGGGTTAGATGA-1,-1.353432580775846,0.04512328751293648,0.09833481435517313,0.04995344505634849,-0.0033920380893535064,-0.019252911935812234,-0.0177056939157026,0.03416631178470403,0.024566983305221737,-0.011456171220262525
CACCAGGTCGTTACGA-1,1.292030630794828,2.534982586618636,0.2404130381714676,0.38415741170980067,-0.03789297278144668,-0.18548906138641433,-0.10791118736295399,0.13897225030526703,0.009709946409122247,0.031075648953047333
CACCTTGGTAAGCACG-1,-1.353432580775846,0.04512328751293648,0.09833481435517313,0.04995344505634849,-0.0033920380893535064,-0.019252911935812234,-0.0177056939157026,0.03416631178470403,0.024566983305221737,-0.011456171220262525
CACTCCAAGTCAAGCG-1,0.938980998861342,-0.42332498312523414,-1.0947837156929148,-1.7525934647603068,-1.019153217280794,3.2932490972322626,-3.2196762430662638,1.491871654448796,0.09208051302306362,0.2260581121772477
CAGAATCGTAAGTAGT-1,-1.353432580775846,0.04512328751293648,0.09833481435517313,0.04995344505634849,-0.0033920380893535064,-0.019252911935812234,-0.0177056939157026,0.03416631178470403,0.024566983305221737,-0.011456171220262525
CAGATCAGTGTGAATA-1,-1.353432580775846,0.04512328751293648,0.09833481435517313,0.04995344505634849,-0.0033920380893535064,-0.019252911935812234,-0.0177056939157026,0.03416631178470403,0.024566983305221737,-0.011456171220262525
CAGCAGCAGCGTCTAT-1,-0.08511317563190351,1.5148298132350488,0.2102364022636359,0.26083157258874534,-0.022510795093420334,-0.12208199243915803,-0.075723703008676,0.10466207332094077,0.020346691861091278,0.012253082587123779
CAGCAGCTCCACGAAT-1,-1.353432580775846,0.04512328751293648,0.09833481435517313,0.04995344505634849,-0.0033920380893535064,-0.019252911935812234,-0.0177056939157026,0.03416631178470403,0.024566983305221737,-0.011456171220262525
CAGCGACAGTCAATAG-1,0.8892236943392104,-0.3262628334454961,-0.8055029354074089,-0.8537895931635822,-0.28231495380918875,0.4702623262501624,0.6300405612612177,-1.668104487833553,-0.2679998973998659,-0.872835109113774
CAGCTAAAGCAATCTC-1,1.3024364825692614,-1.2554848484321566,2.309731057659985,0.2447242366316081,0.48939462827296715,0.23847810729272378,-0.011139987962392886,0.060055642885177174,0.0032533683066303803,0.018568716372172226
CAGCTAACAATGGAAT-1,1.010810767027164,-0.787476923228244,-0.5320854030544271,-2.4956361414119534,-0.8372895842921445,-3.7438398468398213,-0.9839353944021388,0.830659371273223,0.05947183654659259,0.1424994329872086
CAGCTAAGTTAAGGGC-1,1.3024364825692614,-1.2554848484321566,2.309731057659985,0.2447242366316081,0.48939462827296715,0.23847810729272378,-0.011139987962392886,0.060055642885177174,0.0032533683066303803,0.018568716372172226
CAGCTAATCACTTACT-1,1.292030630794828,2.534982586618636,0.2404130381714676,0.38415741170980067,-0.03789297278144668,-0.18548906138641433,-0.10791118736295399,0.13897225030526703,0.009709946409122247,0.031075648953047333
CAGGTGCCAGGAACGT-1,0.9246101071048098,-0.3910137457631524,-0.9954802587238398,-1.3560653682914856,-0.5908251553327016,1.2346144576470521,4.617840953617436,3.148648339034872,0.1469062347887508,0.3476242480784342
CAGGTGCTCAGAGCTT-1,1.292030630794828,2.534982586618636,0.2404130381714676,0.38415741170980067,-0.03789297278144668,-0.18548906138641433,-0.10791118736295399,0.13897225030526703,0.009709946409122247,0.031075648953047333
CAGTAACGTCTGGTCG-1,1.0470852559616277,-1.1624369693569983,-1.9368187350759054,3.167033742530228,-2.1569270826567526,-0.6252726297089003,-0.23612694547405771,0.28195537308597146,0.024846948937074075,0.05395830719628282
CAGTAACTCCGCGCAA-1,1.292030630794828,2.534982586618636,0.2404130381714676,0.38415741170980067,-0.03789297278144668,-0.18548906138641433,-0.10791118736295399,0.13897225030526703,0.009709946409122247,0.031075648953047333
CAGTCCTAGTTTGCGT-1,-1.353432580775846,0.04512328751293648,0.09833481435517313,0.04995344505634849,-0.0033920380893535064,-0.019252911935812234,-0.0177056939157026,0.03416631178470403,0.024566983305221737,-0.011456171220262525
CAGTCCTCATGGTAGG-1,1.292030630794828,2.534982586618636,0.2404130381714676,0.38415741170980067,-0.03789297278144668,-0.18548906138641433,-0.10791118736295399,0.13897225030526703,0.009709946409122247,0.031075648953047333
CATCAGATCCTGCTTG-1,-1.353432580775846,0.04512328751293648,0.09833481435517313,0.04995344505634849,-0.0033920380893535064,-0.019252911935812234,-0.0177056939157026,0.03416631178470403,0.024566983305221737,-0.011456171220262525
CATCGAAAGGCACATG-1,0.9635491709457245,-0.7988911847345094,-2.0618146623138016,0.9814262110386042,3.47637995898633,-0.2839992658219426,-0.38269544221782076,0.4440225345739189,0.024863573241858224,0.09536793912845448
CATCGAAGTCTCAACA-1,-1.353432580775846,0.04512328751293648,0.09833481435517313,0.04995344505634849,-0.0033920380893535064,-0.019252911935812234,-0.0177056939157026,0.03416631178470403,0.024566983305221737,-0.011456171220262525
CATCGGGCATAGGATA-1,1.3024364825692614,-1.2554848484321566,2.309731057659985,0.2447242366316081,0.48939462827296715,0.23847810729272378,-0.011139987962392886,0.060055642885177174,0.0032533683066303803,0.018568716372172226
CATCGGGTCGAGAACG-1,1.292030630794828,2.534982586618636,0.2404130381714676,0.38415741170980067,-0.03789297278144668,-0.18548906138641433,-0.10791118736295399,0.13897225030526703,0.009709946409122247,0.031075648953047333
CATGACAAGCCACGTC-1,0.9246101071048098,-0.3910137457631524,-0.9954802587238398,-1.3560653682914856,-0.5908251553327016,1.2346144576470521,4.617840953617436,3.148648339034872,0.1469062347887508,0.3476242480784342
CATGGCGCAAGGTGTG-1,-1.353432580775846,0.04512328751293648,0.09833481435517313,0.04995344505634849,-0.0033920380893535064,-0.019252911935812234,-0.0177056939157026,0.03416631178470403,0.024566983305221737,-0.011456171220262525
CATTATCAGGAGTACC-1,-1.353432580775846,0.04512328751293648,0.09833481435517313,0.04995344505634849,-0.0033920380893535064,-0.019252911935812234,-0.0177056939157026,0.03416631178470403,0.024566983305221737,-0.011456171220262525
CATTATCCAGTAAGAT-1,-1.353432580775846,0.04512328751293648,0.09833481435517313,0.04995344505634849,-0.0033920380893535064,-0.019252911935812234,-0.0177056939157026,0.03416631178470403,0.024566983305221737,-0.011456171220262525
CATTATCGTAGAAGGA-1,-1.353432580775846,0.04512328751293648,0.09833481435517313,0.04995344505634849,-0.0033920380893535064,-0.019252911935812234,-0.0177056939157026,0.03416631178470403,0.024566983305221737,-0.011456171220262525
CATTATCTCCTCAATT-1,1.1779117173312055,-1.7235923557899342,-0.5834442968260196,3.7842687089953193,-3.7854698485701364,-0.41675084564579107,-0.1286685277465529,0.21418295004310875,0.025916230827973875,0.04458037844335598
CATTCGCCAATAGAGT-1,-1.353432580775846,0.04512328751293648,0.09833481435517313,0.04995344505634849,-0.0033920380893535064,-0.019252911935812234,-0.0177056939157026,0.03416631178470403,0.024566983305221737,-0.011456171220262525
CATTCGCCATACTCTT-1,1.292030630794828,2.534982586618636,0.2404130381714676,0.38415741170980067,-0.03789297278144668,-0.18548906138641433,-0.10791118736295399,0.13897225030526703,0.009709946409122247,0.031075648953047333
CCAATCCCAATGGTCT-1,1.3024364825692614,-1.2554848484321566,2.309731057659985,0.2447242366316081,0.48939462827296715,0.23847810729272378,-0.011139987962392886,0.060055642885177174,0.0032533683066303803,0.018568716372172226
CCACCTAGTGGGTATG-1,0.9246101071048098,-0.3910137457631524,-0.9954802587238398,-1.3560653682914856,-0.5908251553327016,1.2346144576470521,4.617840953617436,3.148648339034872,0.1469062347887508,0.3476242480784342
CCACGGAAGGTCATCT-1,1.010810767027164,-0.787476923228244,-0.5320854030544271,-2.4956361414119534,-0.8372895842921445,-3.7438398468398213,-0.9839353944021388,0.830659371273223,0.05947183654659259,0.1424994329872086
CCACGGACAGCATACT-1,1.3024364825692614,-1.2554848484321566,2.309731057659985,0.2447242366316081,0.48939462827296715,0.23847810729272378,-0.011139987962392886,0.060055642885177174,0.0032533683066303803,0.018568716372172226
CCACTACGTTGTACAC-1,-1.353432580775846,0.04512328751293648,0.09833481435517313,0.04995344505634849,-0.0033920380893535064,-0.019252911935812234,-0.0177056939157026,0.03416631178470403,0.024566983305221737,-0.011456171220262525
CCATGTCCACGACGAA-1,-1.353432580775846,0.04512328751293648,0.09833481435517313,0.04995344505634849,-0.0033920380893535064,-0.019252911935812234,-0.0177056939157026,0.03416631178470403,0.024566983305221737,-0.011456171220262525
CCATTCGAGGGTCGAT-1,-1.353432580775846,0.04512328751293648,0.09833481435517313,0.04995344505634849,-0.0033920380893535064,-0.019252911935812234,-0.0177056939157026,0.03416631178470403,0.024566983305221737,-0.011456171220262525
CCCAATCAGATGTCGG-1,1.3024364825692614,-1.2554848484321566,2.309731057659985,0.2447242366316081,0.48939462827296715,0.23847810729272378,-0.011139987962392886,0.060055642885177174,0.0032533683066303803,0.018568716372172226
CCCAATCAGGACAGCT-1,0.8809847706132585,-0.3135741012351442,-0.7696135519480507,-0.7829284938626262,-0.2503690374595106,0.4084685266307253,0.5202571592348013,-1.2142151138637896,-0.1585671913975796,-0.4697962186242065
CCCAATCGTTCCATGA-1,0.938980998861342,-0.42332498312523414,-1.0947837156929148,-1.7525934647603068,-1.019153217280794,3.2932490972322626,-3.2196762430662638,1.491871654448796,0.09208051302306362,0.2260581121772477
CCGGGATAGGTGACCA-1,-1.353432580775846,0.04512328751293648,0.09833481435517313,0.04995344505634849,-0.0033920380893535064,-0.019252911935812234,-0.0177056939157026,0.03416631178470403,0.024566983305221737,-0.011456171220262525
CCGGGATGTCCTCTTG-1,1.292030630794828,2.534982586618636,0.2404130381714676,0.38415741170980067,-0.03789297278144668,-0.18548906138641433,-0.10791118736295399,0.13897225030526703,0.009709946409122247,0.031075648953047333
CCGGTAGCATTTCACT-1,-1.353432580775846,0.04512328751293648,0.09833481435517313,0.04995344505634849,-0.0033920380893535064,-0.019252911935812234,-0.0177056939157026,0.03416631178470403,0.024566983305221737,-0.011456171220262525
CCGTGGAGTAAGAGGA-1,0.8850757398820437,-0.31977830348640024,-0.7871087941594928,-0.8167450895516598,-0.26534806856697457,0.43712315985527284,0.5697870130066967,-1.404921455063546,-0.19913088093715017,-0.6104078227125281
CCGTTCAAGGGCTCTC-1,0.8809847706132585,-0.3135741012351442,-0.7696135519480507,-0.7829284938626262,-0.2503690374595106,0.4084685266307253,0.5202571592348013,-1.2142151138637896,-0.1585671913975796,-0.4697962186242065
CCGTTCATCCTTGGTC-1,1.292030630794828,2.534982586618636,0.2404130381714676,0.38415741170980067,-0.03789297278144668,-0.18548906138641433,-0.10791118736295399,0.13897225030526703,0.009709946409122247,0.031075648953047333
CCTAAAGAGCAGATCG-1,1.010810767027164,-0.787476923228244,-0.5320854030544271,-2.4956361414119534,-0.8372895842921445,-3.7438398468398213,-0.9839353944021388,0.830659371273223,0.05947183654659259,0.1424994329872086
CCTAAAGGTAGCTAAA-1,0.9246101071048098,-0.3910137457631524,-0.9954802587238398,-1.3560653682914856,-0.5908251553327016,1.2346144576470521,4.617840953617436,3.148648339034872,0.1469062347887508,0.3476242480784342
CCTACCATCGTTACGA-1,-1.353432580775846,0.04512328751293648,0.09833481435517313,0.04995344505634849,-0.0033920380893535064,-0.019252911935812234,-0.0177056939157026,0.03416631178470403,0.024566983305221737,-0.011456171220262525
CCTCAGTCAACAACCT-1,1.0470852559616277,-1.1624369693569983,-1.9368187350759054,3.167033742530228,-2.1569270826567526,-0.6252726297089003,-0.23612694547405771,0.28195537308597146,0.024846948937074075,0.05395830719628282
CCTTCCCGTACTTGAC-1,-1.353432580775846,0.04512328751293648,0.09833481435517313,0.04995344505634849,-0.0033920380893535064,-0.019252911935812234,-0.0177056939157026,0.03416631178470403,0.024566983305221737,-0.011456171220262525
CCTTCGAAGACGCTTT-1,-1.353432580775846,0.04512328751293648,0.09833481435517313,0.04995344505634849,-0.0033920380893535064,-0.019252911935812234,-0.0177056939157026,0.03416631178470403,0.024566983305221737,-0.011456171220262525
CCTTCGATCTCATTCA-1,-1.353432580775846,0.04512328751293648,0.09833481435517313,0.04995344505634849,-0.0033920380893535064,-0.019252911935812234,-0.0177056939157026,0.03416631178470403,0.024566983305221737,-0.011456171220262525
CGAATGTAGCCAACAG-1,-1.353432580775846,0.04512328751293648,0.09833481435517313,0.04995344505634849,-0.0033920380893535064,-0.019252911935812234,-0.0177056939157026,0.03416631178470403,0.024566983305221737,-0.011456171220262525
CGACCTTTCCATGAGT-1,-1.353432580775846,0.04512328751293648,0.09833481435517313,0.04995344505634849,-0.0033920380893535064,-0.019252911935812234,-0.0177056939157026,0.03416631178470403,0.024566983305221737,-0.011456171220262525
CGACTTCAGAAGATTC-1,1.292030630794828,2.534982586618636,0.2404130381714676,0.38415741170980067,-0.03789297278144668,-0.18548906138641433,-0.10791118736295399,0.13897225030526703,0.009709946409122247,0.031075648953047333
CGAGAAGCACCTCGGA-1,0.9635491709457245,-0.7988911847345094,-2.0618146623138016,0.9814262110386042,3.47637995898633,-0.2839992658219426,-0.38269544221782076,0.4440225345739189,0.024863573241858224,0.09536793912845448
CGAGCACCATCTCCCA-1,-1.353432580775846,0.04512328751293648,0.09833481435517313,0.04995344505634849,-0.0033920380893535064,-0.019252911935812234,-0.0177056939157026,0.03416631178470403,0.024566983305221737,-0.011456171220262525
CGAGCCATCATCTGCC-1,-1.353432580775846,0.04512328751293648,0.09833481435517313,0.04995344505634849,-0.0033920380893535064,-0.019252911935812234,-0.0177056939157026,0.03416631178470403,0.024566983305221737,-0.011456171220262525
CGATGTAGTACTTCTT-1,1.292030630794828,2.534982586618636,0.2404130381714676,0.38415741170980067,-0.03789297278144668,-0.18548906138641433,-0.10791118736295399,0.13897225030526703,0.009709946409122247,0.031075648953047333
CGATGTAGTTAAGGGC-1,-1.353432580775846,0.04512328751293648,0.09833481435517313,0.04995344505634849,-0.0033920380893535064,-0.019252911935812234,-0.0177056939157026,0.03416631178470403,0.024566983305221737,-0.011456171220262525
CGATGTAGTTGCGTTA-1,-1.353432580775846,0.04512328751293648,0.09833481435517313,0.04995344505634849,-0.0033920380893535064,-0.019252911935812234,-0.0177056939157026,0.03416631178470403,0.024566983305221737,-0.011456171220262525
CGATTGAGTAAAGTCA-1,1.3024364825692614,-1.2554848484321566,2.309731057659985,0.2447242366316081,0.48939462827296715,0.23847810729272378,-0.011139987962392886,0.060055642885177174,0.0032533683066303803,0.018568716372172226
CGATTGAGTTGGAGGT-1,1.3024364825692614,-1.2554848484321566,2.309731057659985,0.2447242366316081,0.48939462827296715,0.23847810729272378,-0.011139987962392886,0.060055642885177174,0.0032533683066303803,0.018568716372172226
CGCGGTATCCTTTACA-1,1.292030630794828,2.534982586618636,0.2404130381714676,0.38415741170980067,-0.03789297278144668,-0.18548906138641433,-0.10791118736295399,0.13897225030526703,0.009709946409122247,0.031075648953047333
CGCTATCTCGCTTAGA-1,1.3024364825692614,-1.2554848484321566,2.309731057659985,0.2447242366316081,0.48939462827296715,0.23847810729272378,-0.011139987962392886,0.060055642885177174,0.0032533683066303803,0.018568716372172226
CGCTGGAGTGAGCGAT-1,-1.353432580775846,0.04512328751293648,0.09833481435517313,0.04995344505634849,-0.0033920380893535064,-0.019252911935812234,-0.0177056939157026,0.03416631178470403,0.024566983305221737,-0.011456171220262525
CGCTGGATCCAACCAA-1,1.4684706332504054,0.7540228255743258,1.5038202788325892,0.3747651818960483,0.2657509255839248,0.02868098908217877,-0.07188301123522817,0.11980636118347154,0.00787902633210734,0.029816515917066022
CGGACGTAGCTAAACA-1,0.8769496202383094,-0.3076324333508562,-0.7529528882711267,-0.7519355198077133,-0.23704784500718068,0.38344581677274936,0.47882209808897447,-1.0696703551745983,-0.1318332448213998,-0.38215967673218687
CGGACGTAGTGGGCTA-1,-1.353432580775846,0.04512328751293648,0.09833481435517313,0.04995344505634849,-0.0033920380893535064,-0.019252911935812234,-0.0177056939157026,0.03416631178470403,0.024566983305221737,-0.011456171220262525
CGGAGTCTCATGTAGC-1,1.292030630794828,2.534982586618636,0.2404130381714676,0.38415741170980067,-0.03789297278144668,-0.18548906138641433,-0.10791118736295399,0.13897225030526703,0.009709946409122247,0.031075648953047333
CGGCTAGCAGGAATCG-1,-1.353432580775846,0.04512328751293648,0.09833481435517313,0.04995344505634849,-0.0033920380893535064,-0.019252911935812234,-0.0177056939157026,0.03416631178470403,0.024566983305221737,-0.011456171220262525
CGGGTCATCCCGGATG-1,-1.353432580775846,0.04512328751293648,0.09833481435517313,0.04995344505634849,-0.0033920380893535064,-0.019252911935812234,-0.0177056939157026,0.03416631178470403,0.024566983305221737,-0.011456171220262525
CGGTTAAAGAGCTTCT-1,0.9635491709457245,-0.7988911847345094,-2.0618146623138016,0.9814262110386042,3.47637995898633,-0.2839992658219426,-0.38269544221782076,0.4440225345739189,0.024863573241858224,0.09536793912845448
CGTAGGCAGGTCATCT-1,1.3024364825692614,-1.2554848484321566,2.309731057659985,0.2447242366316081,0.48939462827296715,0.23847810729272378,-0.011139987962392886,0.060055642885177174,0.0032533683066303803,0.018568716372172226
CGTAGGCGTTCAGTAC-1,-1.353432580775846,0.04512328751293648,0.09833481435517313,0.04995344505634849,-0.0033920380893535064,-0.019252911935812234,-0.0177056939157026,0.03416631178470403,0.024566983305221737,-0.011456171220262525
CGTAGGCTCGGAGGTA-1,-1.353432580775846,0.04512328751293648,0.09833481435517313,0.04995344505634849,-0.0033920380893535064,-0.019252911935812234,-0.0177056939157026,0.03416631178470403,0.024566983305221737,-0.011456171220262525
CGTCACTAGGGCATGT-1,-1.353432580775846,0.04512328751293648,0.09833481435517313,0.04995344505634849,-0.0033920380893535064,-0.019252911935812234,-0.0177056939157026,0.03416631178470403,0.024566983305221737,-0.011456171220262525
CGTCCATTCTAACTGG-1,-1.353432580775846,0.04512328751293648,0.09833481435517313,0.04995344505634849,-0.0033920380893535064,-0.019252911935812234,-0.0177056939157026,0.03416631178470403,0.024566983305221737,-0.011456171220262525
CGTGAGCGTGAGTGAC-1,-1.353432580775846,0.04512328751293648,0.09833481435517313,0.04995344505634849,-0.0033920380893535064,-0.019252911935812234,-0.0177056939157026,0.03416631178470403,0.024566983305221737,-0.011456171220262525
CGTGTCTCAGGAATCG-1,1.1779117173312055,-1.7235923557899342,-0.5834442968260196,3.7842687089953193,-3.7854698485701364,-0.41675084564579107,-0.1286685277465529,0.21418295004310875,0.025916230827973875,0.04458037844335598
CGTTAGATCGGAGCAA-1,-1.353432580775846,0.04512328751293648,0.09833481435517313,0.04995344505634849,-0.0033920380893535064,-0.019252911935812234,-0.0177056939157026,0.03416631178470403,0.024566983305221737,-0.011456171220262525
CGTTCTGAGGATATAC-1,1.292030630794828,2.534982586618636,0.2404130381714676,0.38415741170980067,-0.03789297278144668,-0.18548906138641433,-0.10791118736295399,0.13897225030526703,0.009709946409122247,0.031075648953047333
CGTTCTGAGGTGCAAC-1,0.8809847706132672,-0.3135741012351563,-0.7696135519480687,-0.7829284938625668,-0.25036903745958666,0.40846852663075045,0.5202571592347937,-1.2142151138637902,-0.15856719139763106,-0.46979621862413007
CGTTCTGTCGATAGAA-1,1.010810767027164,-0.787476923228244,-0.5320854030544271,-2.4956361414119534,-0.8372895842921445,-3.7438398468398213,-0.9839353944021388,0.830659371273223,0.05947183654659259,0.1424994329872086
CTAATGGAGGAGTTTA-1,1.292030630794828,2.534982586618636,0.2404130381714676,0.38415741170980067,-0.03789297278144668,-0.18548906138641433,-0.10791118736295399,0.13897225030526703,0.009709946409122247,0.031075648953047333
CTAATGGAGGGAACGG-1,1.010810767027164,-0.787476923228244,-0.5320854030544271,-2.4956361414119534,-0.8372895842921445,-3.7438398468398213,-0.9839353944021388,0.830659371273223,0.05947183654659259,0.1424994329872086
CTAATGGCAGGCAGTA-1,1.292030630794828,2.534982586618636,0.2404130381714676,0.38415741170980067,-0.03789297278144668,-0.18548906138641433,-0.10791118736295399,0.13897225030526703,0.009709946409122247,0.031075648953047333
CTACACCCACCTTGTC-1,-1.353432580775846,0.04512328751293648,0.09833481435517313,0.04995344505634849,-0.0033920380893535064,-0.019252911935812234,-0.0177056939157026,0.03416631178470403,0.024566983305221737,-0.011456171220262525
CTAGAGTAGCTGTTCA-1,-1.353432580775846,0.04512328751293648,0.09833481435517313,0.04995344505634849,-0.0033920380893535064,-0.019252911935812234,-0.0177056939157026,0.03416631178470403,0.024566983305221737,-0.011456171220262525
CTAGAGTTCAGTTCGA-1,0.938980998861342,-0.42332498312523414,-1.0947837156929148,-1.7525934647603068,-1.019153217280794,3.2932490972322626,-3.2196762430662638,1.491871654448796,0.09208051302306362,0.2260581121772477
CTCACACAGGTAGCCA-1,1.010810767027164,-0.787476923228244,-0.5320854030544271,-2.4956361414119534,-0.8372895842921445,-3.7438398468398213,-0.9839353944021388,0.830659371273223,0.05947183654659259,0.1424994329872086
CTCATTACACATCCGG-1,0.9635491709457245,-0.7988911847345094,-2.0618146623138016,0.9814262110386042,3.47637995898633,-0.2839992658219426,-0.38269544221782076,0.4440225345739189,0.024863573241858224,0.09536793912845448
CTCCTAGAGATGAGAG-1,-1.353432580775846,0.04512328751293648,0.09833481435517313,0.04995344505634849,-0.0033920380893535064,-0.019252911935812234,-0.0177056939157026,0.03416631178470403,0.024566983305221737,-0.011456171220262525
CTCCTAGGTCGGCATC-1,-1.353432580775846,0.04512328751293648,0.09833481435517313,0.04995344505634849,-0.0033920380893535064,-0.019252911935812234,-0.0177056939157026,0.03416631178470403,0.024566983305221737,-0.011456171220262525
CTCGAAAGTTCTGGTA-1,-1.353432580775846,0.04512328751293648,0.09833481435517313,0.04995344505634849,-0.0033920380893535064,-0.019252911935812234,-0.0177056939157026,0.03416631178470403,0.024566983305221737,-0.011456171220262525
CTCGAGGAGACTTTCG-1,0.9635491709457245,-0.7988911847345094,-2.0618146623138016,0.9814262110386042,3.47637995898633,-0.2839992658219426,-0.38269544221782076,0.4440225345739189,0.024863573241858224,0.09536793912845448
CTCGAGGTCAAAGTAG-1,-1.353432580775846,0.04512328751293648,0.09833481435517313,0.04995344505634849,-0.0033920380893535064,-0.019252911935812234,-0.0177056939157026,0.03416631178470403,0.024566983305221737,-0.011456171220262525
CTCGGAGCACCCATGG-1,-1.353432580775846,0.04512328751293648,0.09833481435517313,0.04995344505634849,-0.0033920380893535064,-0.019252911935812234,-0.0177056939157026,0.03416631178470403,0.024566983305221737,-0.011456171220262525
CTCGGGACAACACGCC-1,-1.353432580775846,0.04512328751293648,0.09833481435517313,0.04995344505634849,-0.0033920380893535064,-0.019252911935812234,-0.0177056939157026,0.03416631178470403,0.024566983305221737,-0.011456171220262525
CTCGGGACAACGCACC-1,0.7374127175413037,-0.31813328429890586,-0.7917117131175669,-0.9039124887287441,-0.34665571750220997,0.5466246351646089,0.825066618649151,-3.2087352156395927,-5.855948094674351,4.242283617380979
CTCGTACTCCTCTAGC-1,-1.353432580775846,0.04512328751293648,0.09833481435517313,0.04995344505634849,-0.0033920380893535064,-0.019252911935812234,-0.0177056939157026,0.03416631178470403,0.024566983305221737,-0.011456171220262525
CTCTGGTCACTCGACG-1,1.292030630794828,2.534982586618636,0.2404130381714676,0.38415741170980067,-0.03789297278144668,-0.18548906138641433,-0.10791118736295399,0.13897225030526703,0.009709946409122247,0.031075648953047333
CTCTGGTCATGTAAGA-1,1.010810767027164,-0.787476923228244,-0.5320854030544271,-2.4956361414119534,-0.8372895842921445,-3.7438398468398213,-0.9839353944021388,0.830659371273223,0.05947183654659259,0.1424994329872086
CTCTGGTGTCAGGACA-1,1.292030630794828,2.534982586618636,0.2404130381714676,0.38415741170980067,-0.03789297278144668,-0.18548906138641433,-0.10791118736295399,0.13897225030526703,0.009709946409122247,0.031075648953047333
CTGAAGTTCGCATGAT-1,-1.353432580775846,0.04512328751293648,0.09833481435517313,0.04995344505634849,-0.0033920380893535064,-0.019252911935812234,-0.0177056939157026,0.03416631178470403,0.024566983305221737,-0.011456171220262525
CTGATCCCAGACGTAG-1,1.3024364825692614,-1.2554848484321566,2.309731057659985,0.2447242366316081,0.48939462827296715,0.23847810729272378,-0.011139987962392886,0.060055642885177174,0.0032533683066303803,0.018568716372172226
CTGATCCCAGCTGGCT-1,-1.353432580775846,0.04512328751293648,0.09833481435517313,0.04995344505634849,-0.0033920380893535064,-0.019252911935812234,-0.0177056939157026,0.03416631178470403,0.024566983305221737,-0.011456171220262525
CTGCTGTGTGATGTCT-1,0.9020216295647732,-0.3476021954689975,-0.8668293802347217,-0.9896845905092879,-0.35008332167843403,0.6103442233516632,0.9267205842494443,-3.8535066533417903,5.699787243498365,2.894568653489915
CTGGTCTGTAGCTAAA-1,1.010810767027164,-0.787476923228244,-0.5320854030544271,-2.4956361414119534,-0.8372895842921445,-3.7438398468398213,-0.9839353944021388,0.830659371273223,0.05947183654659259,0.1424994329872086
CTTAACTTCCTTTCTC-1,1.0470852559616277,-1.1624369693569983,-1.9368187350759054,3.167033742530228,-2.1569270826567526,-0.6252726297089003,-0.23612694547405771,0.28195537308597146,0.024846948937074075,0.05395830719628282
CTTACCGAGTCGATAA-1,0.938980998861342,-0.42332498312523414,-1.0947837156929148,-1.7525934647603068,-1.019153217280794,3.2932490972322626,-3.2196762430662638,1.491871654448796,0.09208051302306362,0.2260581121772477
CTTCTCTGTATGAATG-1,-1.353432580775846,0.04512328751293648,0.09833481435517313,0.04995344505634849,-0.0033920380893535064,-0.019252911935812234,-0.0177056939157026,0.03416631178470403,0.024566983305221737,-0.011456171220262525
CTTGGCTAGGCAAAGA-1,1.3024364825692614,-1.2554848484321566,2.309731057659985,0.2447242366316081,0.48939462827296715,0.23847810729272378,-0.011139987962392886,0.060055642885177174,0.0032533683066303803,0.018568716372172226
CTTGGCTGTTACCGAT-1,1.292030630794828,2.534982586618636,0.2404130381714676,0.38415741170980067,-0.03789297278144668,-0.18548906138641433,-0.10791118736295399,0.13897225030526703,0.009709946409122247,0.031075648953047333
GAAACTCCACACATGT-1,0.9020216295647732,-0.3476021954689975,-0.8668293802347217,-0.9896845905092879,-0.35008332167843403,0.6103442233516632,0.9267205842494443,-3.8535066533417903,5.699787243498365,2.894568653489915
GAAATGATCATTTGGG-1,0.8769496202383089,-0.3076324333508583,-0.752952888271121,-0.7519355198077292,-0.23704784500716752,0.3834458167727623,0.4788220980889912,-1.0696703551746305,-0.13183324482137254,-0.3821596767320972
GAACATCAGATGTTAG-1,-1.353432580775846,0.04512328751293648,0.09833481435517313,0.04995344505634849,-0.0033920380893535064,-0.019252911935812234,-0.0177056939157026,0.03416631178470403,0.024566983305221737,-0.011456171220262525
GAACCTAAGGCCCGTT-1,1.292030630794828,2.534982586618636,0.2404130381714676,0.38415741170980067,-0.03789297278144668,-0.18548906138641433,-0.10791118736295399,0.13897225030526703,0.009709946409122247,0.031075648953047333
GAACCTAGTATATGAG-1,-1.353432580775846,0.04512328751293648,0.09833481435517313,0.04995344505634849,-0.0033920380893535064,-0.019252911935812234,-0.0177056939157026,0.03416631178470403,0.024566983305221737,-0.011456171220262525
GAACCTATCATGTAGC-1,-1.353432580775846,0.04512328751293648,0.09833481435517313,0.04995344505634849,-0.0033920380893535064,-0.019252911935812234,-0.0177056939157026,0.03416631178470403,0.024566983305221737,-0.011456171220262525
GAACCTATCCTCATTA-1,1.3024364825692614,-1.2554848484321566,2.309731057659985,0.2447242366316081,0.48939462827296715,0.23847810729272378,-0.011139987962392886,0.060055642885177174,0.0032533683066303803,0.018568716372172226
GAACGGACAGTAAGAT-1,-1.353432580775846,0.04512328751293648,0.09833481435517313,0.04995344505634849,-0.0033920380893535064,-0.019252911935812234,-0.0177056939157026,0.03416631178470403,0.024566983305221737,-0.011456171220262525
GAAGCAGAGAAGATTC-1,1.1779117173312055,-1.7235923557899342,-0.5834442968260196,3.7842687089953193,-3.7854698485701364,-0.41675084564579107,-0.1286685277465529,0.21418295004310875,0.025916230827973875,0.04458037844335598
GAAGCAGTCATCATTC-1,-1.353432580775846,0.04512328751293648,0.09833481435517313,0.04995344505634849,-0.0033920380893535064,-0.019252911935812234,-0.0177056939157026,0.03416631178470403,0.024566983305221737,-0.011456171220262525
GAATAAGAGTGCGATG-1,-1.353432580775846,0.04512328751293648,0.09833481435517313,0.04995344505634849,-0.0033920380893535064,-0.019252911935812234,-0.0177056939157026,0.03416631178470403,0.024566983305221737,-0.011456171220262525
GAATGAACACAAGCCC-1,0.8892236943392116,-0.3262628334454998,-0.8055029354073886,-0.8537895931635587,-0.2823149538092642,0.4702623262501556,0.6300405612612396,-1.6681044878333677,-0.267999897400335,-0.8728351091131322
GACCAATTCTGGTGTA-1,0.9635491709457245,-0.7988911847345094,-2.0618146623138016,0.9814262110386042,3.47637995898633,-0.2839992658219426,-0.38269544221782076,0.4440225345739189,0.024863573241858224,0.09536793912845448
GACCTGGGTCACCTAA-1,-1.353432580775846,0.04512328751293648,0.09833481435517313,0.04995344505634849,-0.0033920380893535064,-0.019252911935812234,-0.0177056939157026,0.03416631178470403,0.024566983305221737,-0.011456171220262525
GACGTGCAGAGCAATT-1,-1.353432580775846,0.04512328751293648,0.09833481435517313,0.04995344505634849,-0.0033920380893535064,-0.019252911935812234,-0.0177056939157026,0.03416631178470403,0.024566983305221737,-0.011456171220262525
GACGTTAAGTTCGCAT-1,-1.353432580775846,0.04512328751293648,0.09833481435517313,0.04995344505634849,-0.0033920380893535064,-0.019252911935812234,-0.0177056939157026,0.03416631178470403,0.024566983305221737,-0.011456171220262525
GACGTTACACTGAAGG-1,1.3024364825692614,-1.2554848484321566,2.309731057659985,0.2447242366316081,0.48939462827296715,0.23847810729272378,-0.011139987962392886,0.060055642885177174,0.0032533683066303803,0.018568716372172226
GACGTTACAGCTATTG-1,0.9246101071048098,-0.3910137457631524,-0.9954802587238398,-1.3560653682914856,-0.5908251553327016,1.2346144576470521,4.617840953617436,3.148648339034872,0.1469062347887508,0.3476242480784342
GACGTTAGTAATTGGA-1,-1.353432580775846,0.04512328751293648,0.09833481435517313,0.04995344505634849,-0.0033920380893535064,-0.019252911935812234,-0.0177056939157026,0.03416631178470403,0.024566983305221737,-0.011456171220262525
GACTACAGTGTGACCC-1,0.9246101071048098,-0.3910137457631524,-0.9954802587238398,-1.3560653682914856,-0.5908251553327016,1.2346144576470521,4.617840953617436,3.148648339034872,0.1469062347887508,0.3476242480784342
GACTACATCGTGGACC-1,-1.353432580775846,0.04512328751293648,0.09833481435517313,0.04995344505634849,-0.0033920380893535064,-0.019252911935812234,-0.0177056939157026,0.03416631178470403,0.024566983305221737,-0.011456171220262525
GACTGCGGTAAGGGAA-1,-1.353432580775846,0.04512328751293648,0.09833481435517313,0.04995344505634849,-0.0033920380893535064,-0.019252911935812234,-0.0177056939157026,0.03416631178470403,0.024566983305221737,-0.011456171220262525
GAGTCCGGTAAGGGCT-1,-1.353432580775846,0.04512328751293648,0.09833481435517313,0.04995344505634849,-0.0033920380893535064,-0.019252911935812234,-0.0177056939157026,0.03416631178470403,0.024566983305221737,-0.011456171220262525
GATCAGTAGACAGACC-1,1.010810767027164,-0.787476923228244,-0.5320854030544271,-2.4956361414119534,-0.8372895842921445,-3.7438398468398213,-0.9839353944021388,0.830659371273223,0.05947183654659259,0.1424994329872086
GATCGATAGGAATTAC-1,-1.353432580775846,0.04512328751293648,0.09833481435517313,0.04995344505634849,-0.0033920380893535064,-0.019252911935812234,-0.0177056939157026,0.03416631178470403,0.024566983305221737,-0.011456171220262525
GATCGCGAGAAGGACA-1,-1.353432580775846,0.04512328751293648,0.09833481435517313,0.04995344505634849,-0.0033920380893535064,-0.019252911935812234,-0.0177056939157026,0.03416631178470403,0.024566983305221737,-0.011456171220262525
GATCTAGAGTACGATA-1,1.010810767027164,-0.787476923228244,-0.5320854030544271,-2.4956361414119534,-0.8372895842921445,-3.7438398468398213,-0.9839353944021388,0.830659371273223,0.05947183654659259,0.1424994329872086
GATGAGGCAAGTACCT-1,1.292030630794828,2.534982586618636,0.2404130381714676,0.38415741170980067,-0.03789297278144668,-0.18548906138641433,-0.10791118736295399,0.13897225030526703,0.009709946409122247,0.031075648953047333
GATGAGGGTGAGTGAC-1,1.3024364825692614,-1.2554848484321566,2.309731057659985,0.2447242366316081,0.48939462827296715,0.23847810729272378,-0.011139987962392886,0.060055642885177174,0.0032533683066303803,0.018568716372172226
GATGAGGGTTAGATGA-1,-1.353432580775846,0.04512328751293648,0.09833481435517313,0.04995344505634849,-0.0033920380893535064,-0.019252911935812234,-0.0177056939157026,0.03416631178470403,0.024566983305221737,-0.011456171220262525
GATGCTACAGGTCCAC-1,-1.353432580775846,0.04512328751293648,0.09833481435517313,0.04995344505634849,-0.0033920380893535064,-0.019252911935812234,-0.0177056939157026,0.03416631178470403,0.024566983305221737,-0.011456171220262525
GATGCTACATTGTGCA-1,1.0470852559616277,-1.1624369693569983,-1.9368187350759054,3.167033742530228,-2.1569270826567526,-0.6252726297089003,-0.23612694547405771,0.28195537308597146,0.024846948937074075,0.05395830719628282
GATTCAGTCACGACTA-1,-1.353432580775846,0.04512328751293648,0.09833481435517313,0.04995344505634849,-0.0033920380893535064,-0.019252911935812234,-0.0177056939157026,0.03416631178470403,0.024566983305221737,-0.011456171220262525
GATTCAGTCCTAGTGA-1,1.292030630794828,2.534982586618636,0.2404130381714676,0.38415741170980067,-0.03789297278144668,-0.18548906138641433,-0.10791118736295399,0.13897225030526703,0.009709946409122247,0.031075648953047333
GCAATCACAGCTATTG-1,-1.353432580775846,0.04512328751293648,0.09833481435517313,0.04995344505634849,-0.0033920380893535064,-0.019252911935812234,-0.0177056939157026,0.03416631178470403,0.024566983305221737,-0.011456171220262525
GCATACAGTAGAAGGA-1,0.8892236943392116,-0.3262628334454998,-0.8055029354073886,-0.8537895931635587,-0.2823149538092642,0.4702623262501556,0.6300405612612396,-1.6681044878333677,-0.267999897400335,-0.8728351091131322
GCGACCATCCAAAGTC-1,-1.353432580775846,0.04512328751293648,0.09833481435517313,0.04995344505634849,-0.0033920380893535064,-0.019252911935812234,-0.0177056939157026,0.03416631178470403,0.024566983305221737,-0.011456171220262525
GCGAGAAGTACTCGCG-1,-1.353432580775846,0.04512328751293648,0.09833481435517313,0.04995344505634849,-0.0033920380893535064,-0.019252911935812234,-0.0177056939157026,0.03416631178470403,0.024566983305221737,-0.011456171220262525
GCGAGAATCAGCTCTC-1,0.9635491709457245,-0.7988911847345094,-2.0618146623138016,0.9814262110386042,3.47637995898633,-0.2839992658219426,-0.38269544221782076,0.4440225345739189,0.024863573241858224,0.09536793912845448
GCGCAACGTTCCGGCA-1,1.3024364825692614,-1.2554848484321566,2.309731057659985,0.2447242366316081,0.48939462827296715,0.23847810729272378,-0.011139987962392886,0.060055642885177174,0.0032533683066303803,0.018568716372172226
GCGCAGTGTCACTGGC-1,-1.353432580775846,0.04512328751293648,0.09833481435517313,0.04995344505634849,-0.0033920380893535064,-0.019252911935812234,-0.0177056939157026,0.03416631178470403,0.024566983305221737,-0.011456171220262525
GCGCGATAGTGAACAT-1,-1.353432580775846,0.04512328751293648,0.09833481435517313,0.04995344505634849,-0.0033920380893535064,-0.019252911935812234,-0.0177056939157026,0.03416631178470403,0.024566983305221737,-0.011456171220262525
GCTCCTATCGTTTAGG-1,1.4684706332504054,0.7540228255743258,1.5038202788325892,0.3747651818960483,0.2657509255839248,0.02868098908217877,-0.07188301123522817,0.11980636118347154,0.00787902633210734,0.029816515917066022
GCTGCGATCATGTGGT-1,1.292030630794828,2.534982586618636,0.2404130381714676,0.38415741170980067,-0.03789297278144668,-0.18548906138641433,-0.10791118736295399,0.13897225030526703,0.009709946409122247,0.031075648953047333
GCTGCGATCGGCCGAT-1,-1.353432580775846,0.04512328751293648,0.09833481435517313,0.04995344505634849,-0.0033920380893535064,-0.019252911935812234,-0.0177056939157026,0.03416631178470403,0.024566983305221737,-0.011456171220262525
GCTGCTTCAGTGGGAT-1,0.8850757398820452,-0.3197783034863956,-0.7871087941594952,-0.8167450895516208,-0.26534806856704174,0.4371231598552608,0.5697870130068136,-1.404921455063379,-0.19913088093659714,-0.6104078227133019
GCTGGGTTCACGACTA-1,0.9020216295647732,-0.3476021954689975,-0.8668293802347217,-0.9896845905092879,-0.35008332167843403,0.6103442233516632,0.9267205842494443,-3.8535066533417903,5.699787243498365,2.894568653489915
GCTGGGTTCATGGTCA-1,-1.353432580775846,0.04512328751293648,0.09833481435517313,0.04995344505634849,-0.0033920380893535064,-0.019252911935812234,-0.0177056939157026,0.03416631178470403,0.024566983305221737,-0.011456171220262525
GCTTCCAAGTCAATAG-1,-1.353432580775846,0.04512328751293648,0.09833481435517313,0.04995344505634849,-0.0033920380893535064,-0.019252911935812234,-0.0177056939157026,0.03416631178470403,0.024566983305221737,-0.011456171220262525
GCTTCCAGTACGACCC-1,1.010810767027164,-0.787476923228244,-0.5320854030544271,-2.4956361414119534,-0.8372895842921445,-3.7438398468398213,-0.9839353944021388,0.830659371273223,0.05947183654659259,0.1424994329872086
GCTTGAAGTCACCCAG-1,-1.353432580775846,0.04512328751293648,0.09833481435517313,0.04995344505634849,-0.0033920380893535064,-0.019252911935812234,-0.0177056939157026,0.03416631178470403,0.024566983305221737,-0.011456171220262525
GGAACTTAGCGATCCC-1,-1.353432580775846,0.04512328751293648,0.09833481435517313,0.04995344505634849,-0.0033920380893535064,-0.019252911935812234,-0.0177056939157026,0.03416631178470403,0.024566983305221737,-0.011456171220262525
GGAATAAAGAGCCCAA-1,-1.353432580775846,0.04512328751293648,0.09833481435517313,0.04995344505634849,-0.0033920380893535064,-0.019252911935812234,-0.0177056939157026,0.03416631178470403,0.024566983305221737,-0.011456171220262525
GGAATAACAAGGACAC-1,-1.353432580775846,0.04512328751293648,0.09833481435517313,0.04995344505634849,-0.0033920380893535064,-0.019252911935812234,-0.0177056939157026,0.03416631178470403,0.024566983305221737,-0.011456171220262525
GGAATAATCACCTTAT-1,0.8769496202382863,-0.30763243335081136,-0.7529528882711194,-0.7519355198074361,-0.2370478450073829,0.3834458167726627,0.4788220980886298,-1.0696703551749074,-0.131833244821499,-0.38215967673350076
GGACAAGGTGTCAATC-1,-1.353432580775846,0.04512328751293648,0.09833481435517313,0.04995344505634849,-0.0033920380893535064,-0.019252911935812234,-0.0177056939157026,0.03416631178470403,0.024566983305221737,-0.011456171220262525
GGACAGAGTAAGGGAA-1,1.3024364825692614,-1.2554848484321566,2.309731057659985,0.2447242366316081,0.48939462827296715,0.23847810729272378,-0.011139987962392886,0.060055642885177174,0.0032533683066303803,0.018568716372172226
GGACAGAGTATAAACG-1,0.8934298329990367,-0.33304712955066207,-0.8248670799951765,-0.8945473401708466,-0.3016935260069242,0.5090281634002,0.704923265181301,-2.054773524557192,-0.41067748231630774,-1.5363445749917903
GGACGTCCACGACTCG-1,1.3024364825692614,-1.2554848484321566,2.309731057659985,0.2447242366316081,0.48939462827296715,0.23847810729272378,-0.011139987962392886,0.060055642885177174,0.0032533683066303803,0.018568716372172226
GGACGTCGTAAGGGCT-1,-1.353432580775846,0.04512328751293648,0.09833481435517313,0.04995344505634849,-0.0033920380893535064,-0.019252911935812234,-0.0177056939157026,0.03416631178470403,0.024566983305221737,-0.011456171220262525
GGACGTCTCAACCAAC-1,0.9020216295647732,-0.3476021954689975,-0.8668293802347217,-0.9896845905092879,-0.35008332167843403,0.6103442233516632,0.9267205842494443,-3.8535066533417903,5.699787243498365,2.894568653489915
GGACGTCTCTAACTGG-1,-1.353432580775846,0.04512328751293648,0.09833481435517313,0.04995344505634849,-0.0033920380893535064,-0.019252911935812234,-0.0177056939157026,0.03416631178470403,0.024566983305221737,-0.011456171220262525
GGAGCAACAGACACTT-1,1.292030630794828,2.534982586618636,0.2404130381714676,0.38415741170980067,-0.03789297278144668,-0.18548906138641433,-0.10791118736295399,0.13897225030526703,0.009709946409122247,0.031075648953047333
GGAGCAAGTTCCTCCA-1,1.292030630794828,2.534982586618636,0.2404130381714676,0.38415741170980067,-0.03789297278144668,-0.18548906138641433,-0.10791118736295399,0.13897225030526703,0.009709946409122247,0.031075648953047333
GGATGTTTCCTTTCGG-1,0.8934298329990367,-0.33304712955066207,-0.8248670799951765,-0.8945473401708466,-0.3016935260069242,0.5090281634002,0.704923265181301,-2.054773524557192,-0.41067748231630774,-1.5363445749917903
GGATTACTCACGACTA-1,1.292030630794828,2.534982586618636,0.2404130381714676,0.38415741170980067,-0.03789297278144668,-0.18548906138641433,-0.10791118736295399,0.13897225030526703,0.009709946409122247,0.031075648953047333
GGCAATTCACTACAGT-1,1.3024364825692614,-1.2554848484321566,2.309731057659985,0.2447242366316081,0.48939462827296715,0.23847810729272378,-0.011139987962392886,0.060055642885177174,0.0032533683066303803,0.018568716372172226
GGCAATTTCTTCGGTC-1,-1.353432580775846,0.04512328751293648,0.09833481435517313,0.04995344505634849,-0.0033920380893535064,-0.019252911935812234,-0.0177056939157026,0.03416631178470403,0.024566983305221737,-0.011456171220262525
GGCCGATGTTTGTTGG-1,-1.353432580775846,0.04512328751293648,0.09833481435517313,0.04995344505634849,-0.0033920380893535064,-0.019252911935812234,-0.0177056939157026,0.03416631178470403,0.024566983305221737,-0.011456171220262525
GGCTCGACAGCTTAAC-1,-1.353432580775846,0.04512328751293648,0.09833481435517313,0.04995344505634849,-0.0033920380893535064,-0.019252911935812234,-0.0177056939157026,0.03416631178470403,0.024566983305221737,-0.011456171220262525
GGGACCTCATCCCATC-1,-1.353432580775846,0.04512328751293648,0.09833481435517313,0.04995344505634849,-0.0033920380893535064,-0.019252911935812234,-0.0177056939157026,0.03416631178470403,0.024566983305221737,-0.011456171220262525
GGGATGAAGTCGTTTG-1,1.292030630794828,2.534982586618636,0.2404130381714676,0.38415741170980067,-0.03789297278144668,-0.18548906138641433,-0.10791118736295399,0.13897225030526703,0.009709946409122247,0.031075648953047333
GGGCACTAGCTAGCCC-1,0.8892236943392116,-0.3262628334454998,-0.8055029354073886,-0.8537895931635587,-0.2823149538092642,0.4702623262501556,0.6300405612612396,-1.6681044878333677,-0.267999897400335,-0.8728351091131322
GGGCACTAGTCACGCC-1,0.9020216295647732,-0.3476021954689975,-0.8668293802347217,-0.9896845905092879,-0.35008332167843403,0.6103442233516632,0.9267205842494443,-3.8535066533417903,5.699787243498365,2.894568653489915
GGGCATCGTAGTGAAT-1,-1.353432580775846,0.04512328751293648,0.09833481435517313,0.04995344505634849,-0.0033920380893535064,-0.019252911935812234,-0.0177056939157026,0.03416631178470403,0.024566983305221737,-0.011456171220262525
GGGTCTGCATCATCCC-1,1.292030630794828,2.534982586618636,0.2404130381714676,0.38415741170980067,-0.03789297278144668,-0.18548906138641433,-0.10791118736295399,0.13897225030526703,0.009709946409122247,0.031075648953047333
GGGTCTGCATGAGCGA-1,-1.353432580775846,0.04512328751293648,0.09833481435517313,0.04995344505634849,-0.0033920380893535064,-0.019252911935812234,-0.0177056939157026,0.03416631178470403,0.024566983305221737,-0.011456171220262525
GGTATTGCAAGCCTAT-1,-1.353432580775846,0.04512328751293648,0.09833481435517313,0.04995344505634849,-0.0033920380893535064,-0.019252911935812234,-0.0177056939157026,0.03416631178470403,0.024566983305221737,-0.011456171220262525
GGTGAAGCAGCTGCAC-1,0.938980998861342,-0.42332498312523414,-1.0947837156929148,-1.7525934647603068,-1.019153217280794,3.2932490972322626,-3.2196762430662638,1.491871654448796,0.09208051302306362,0.2260581121772477
GGTGCGTCAGTGGAGT-1,-1.353432580775846,0.04512328751293648,0.09833481435517313,0.04995344505634849,-0.0033920380893535064,-0.019252911935812234,-0.0177056939157026,0.03416631178470403,0.024566983305221737,-0.011456171220262525
GGTGTTAGTGTCGCTG-1,0.938980998861342,-0.42332498312523414,-1.0947837156929148,-1.7525934647603068,-1.019153217280794,3.2932490972322626,-3.2196762430662638,1.491871654448796,0.09208051302306362,0.2260581121772477
GGTGTTATCAGAGACG-1,0.8934298329990367,-0.33304712955066207,-0.8248670799951765,-0.8945473401708466,-0.3016935260069242,0.5090281634002,0.704923265181301,-2.054773524557192,-0.41067748231630774,-1.5363445749917903
GGTGTTATCAGCTCTC-1,-1.353432580775846,0.04512328751293648,0.09833481435517313,0.04995344505634849,-0.0033920380893535064,-0.019252911935812234,-0.0177056939157026,0.03416631178470403,0.024566983305221737,-0.011456171220262525
GTAACGTAGCAGGTCA-1,-1.353432580775846,0.04512328751293648,0.09833481435517313,0.04995344505634849,-0.0033920380893535064,-0.019252911935812234,-0.0177056939157026,0.03416631178470403,0.024566983305221737,-0.011456171220262525
GTAACGTCATCCGGGT-1,1.3024364825692614,-1.2554848484321566,2.309731057659985,0.2447242366316081,0.48939462827296715,0.23847810729272378,-0.011139987962392886,0.060055642885177174,0.0032533683066303803,0.018568716372172226
GTAACGTCATTGGCGC-1,0.8976953887510439,-0.34015246995928083,-0.8452800345965877,-0.9396060972599999,-0.3240373241383447,0.5549866345146323,0.8004990563208454,-2.678476948189748,-0.8828065456387344,-6.500034647333665
GTACGTAGTTAGAACA-1,-1.353432580775846,0.04512328751293648,0.09833481435517313,0.04995344505634849,-0.0033920380893535064,-0.019252911935812234,-0.0177056939157026,0.03416631178470403,0.024566983305221737,-0.011456171220262525
GTACTTTAGCTCAACT-1,-1.353432580775846,0.04512328751293648,0.09833481435517313,0.04995344505634849,-0.0033920380893535064,-0.019252911935812234,-0.0177056939157026,0.03416631178470403,0.024566983305221737,-0.011456171220262525
GTACTTTTCTGCTGTC-1,1.292030630794828,2.534982586618636,0.2404130381714676,0.38415741170980067,-0.03789297278144668,-0.18548906138641433,-0.10791118736295399,0.13897225030526703,0.009709946409122247,0.031075648953047333
GTAGGCCGTTACGACT-1,1.292030630794828,2.534982586618636,0.2404130381714676,0.38415741170980067,-0.03789297278144668,-0.18548906138641433,-0.10791118736295399,0.13897225030526703,0.009709946409122247,0.031075648953047333
GTAGTCAGTATATGGA-1,0.8976953887510439,-0.34015246995928083,-0.8452800345965877,-0.9396060972599999,-0.3240373241383447,0.5549866345146323,0.8004990563208454,-2.678476948189748,-0.8828065456387344,-6.500034647333665
GTATTCTCAGACTCGC-1,1.0470852559616277,-1.1624369693569983,-1.9368187350759054,3.167033742530228,-2.1569270826567526,-0.6252726297089003,-0.23612694547405771,0.28195537308597146,0.024846948937074075,0.05395830719628282
GTCAAGTTCCGCATCT-1,1.3024364825692614,-1.2554848484321566,2.309731057659985,0.2447242366316081,0.48939462827296715,0.23847810729272378,-0.011139987962392886,0.060055642885177174,0.0032533683066303803,0.018568716372172226
GTCAAGTTCTCAAACG-1,1.3024364825692614,-1.2554848484321566,2.309731057659985,0.2447242366316081,0.48939462827296715,0.23847810729272378,-0.011139987962392886,0.060055642885177174,0.0032533683066303803,0.018568716372172226
GTCACGGGTAGCTAAA-1,0.9246101071048098,-0.3910137457631524,-0.9954802587238398,-1.3560653682914856,-0.5908251553327016,1.2346144576470521,4.617840953617436,3.148648339034872,0.1469062347887508,0.3476242480784342
GTCGGGTCATGCCCGA-1,-1.353432580775846,0.04512328751293648,0.09833481435517313,0.04995344505634849,-0.0033920380893535064,-0.019252911935812234,-0.0177056939157026,0.03416631178470403,0.024566983305221737,-0.011456171220262525
GTCGGGTTCGAGAGCA-1,0.9635491709457245,-0.7988911847345094,-2.0618146623138016,0.9814262110386042,3.47637995898633,-0.2839992658219426,-0.38269544221782076,0.4440225345739189,0.024863573241858224,0.09536793912845448
GTCGTAAAGGCGTACA-1,1.3024364825692614,-1.2554848484321566,2.309731057659985,0.2447242366316081,0.48939462827296715,0.23847810729272378,-0.011139987962392886,0.060055642885177174,0.0032533683066303803,0.018568716372172226
GTGAAGGAGTGACTCT-1,-1.353432580775846,0.04512328751293648,0.09833481435517313,0.04995344505634849,-0.0033920380893535064,-0.019252911935812234,-0.0177056939157026,0.03416631178470403,0.024566983305221737,-0.011456171220262525
GTGCAGCCAGTAAGAT-1,1.0470852559616277,-1.1624369693569983,-1.9368187350759054,3.167033742530228,-2.1569270826567526,-0.6252726297089003,-0.23612694547405771,0.28195537308597146,0.024846948937074075,0.05395830719628282
GTGCAGCTCAGAGACG-1,1.292030630794828,2.534982586618636,0.2404130381714676,0.38415741170980067,-0.03789297278144668,-0.18548906138641433,-0.10791118736295399,0.13897225030526703,0.009709946409122247,0.031075648953047333
GTGCGGTTCGACGGAA-1,-1.353432580775846,0.04512328751293648,0.09833481435517313,0.04995344505634849,-0.0033920380893535064,-0.019252911935812234,-0.0177056939157026,0.03416631178470403,0.024566983305221737,-0.011456171220262525
GTGGGTCCATGACGGA-1,1.3024364825692614,-1.2554848484321566,2.309731057659985,0.2447242366316081,0.48939462827296715,0.23847810729272378,-0.011139987962392886,0.060055642885177174,0.0032533683066303803,0.018568716372172226
GTGGGTCCATGCTGGC-1,0.9246101071048098,-0.3910137457631524,-0.9954802587238398,-1.3560653682914856,-0.5908251553327016,1.2346144576470521,4.617840953617436,3.148648339034872,0.1469062347887508,0.3476242480784342
GTGGGTCTCCACGCAG-1,-1.353432580775846,0.04512328751293648,0.09833481435517313,0.04995344505634849,-0.0033920380893535064,-0.019252911935812234,-0.0177056939157026,0.03416631178470403,0.024566983305221737,-0.011456171220262525
GTGTGCGTCGCCATAA-1,1.0470852559616277,-1.1624369693569983,-1.9368187350759054,3.167033742530228,-2.1569270826567526,-0.6252726297089003,-0.23612694547405771,0.28195537308597146,0.024846948937074075,0.05395830719628282
GTGTTAGGTATGGTTC-1,1.3024364825692614,-1.2554848484321566,2.309731057659985,0.2447242366316081,0.48939462827296715,0.23847810729272378,-0.011139987962392886,0.060055642885177174,0.0032533683066303803,0.018568716372172226
GTGTTAGTCTTCGGTC-1,-1.353432580775846,0.04512328751293648,0.09833481435517313,0.04995344505634849,-0.0033920380893535064,-0.019252911935812234,-0.0177056939157026,0.03416631178470403,0.024566983305221737,-0.011456171220262525
GTTAAGCAGTTGAGTA-1,0.9635491709457245,-0.7988911847345094,-2.0618146623138016,0.9814262110386042,3.47637995898633,-0.2839992658219426,-0.38269544221782076,0.4440225345739189,0.024863573241858224,0.09536793912845448
GTTAAGCCACCACGTG-1,1.292030630794828,2.534982586618636,0.2404130381714676,0.38415741170980067,-0.03789297278144668,-0.18548906138641433,-0.10791118736295399,0.13897225030526703,0.009709946409122247,0.031075648953047333
GTTAAGCCAGTAACGG-1,-0.07902614255579715,-0.7024514964743696,1.4207098457309895,0.179268393811515,0.2859326786186289,0.12592290277505883,-0.01911618020953814,0.05849881729605527,0.01656983578815618,0.004936996028264173
GTTAAGCTCGCCGTGA-1,1.0470852559616277,-1.1624369693569983,-1.9368187350759054,3.167033742530228,-2.1569270826567526,-0.6252726297089003,-0.23612694547405771,0.28195537308597146,0.024846948937074075,0.05395830719628282
GTTCATTTCGCTAGCG-1,1.0470852559616277,-1.1624369693569983,-1.9368187350759054,3.167033742530228,-2.1569270826567526,-0.6252726297089003,-0.23612694547405771,0.28195537308597146,0.024846948937074075,0.05395830719628282
GTTCGGGGTGACTACT-1,1.010810767027164,-0.787476923228244,-0.5320854030544271,-2.4956361414119534,-0.8372895842921445,-3.7438398468398213,-0.9839353944021388,0.830659371273223,0.05947183654659259,0.1424994329872086
GTTCTCGTCTACCAGA-1,0.8850757398820437,-0.31977830348640024,-0.7871087941594928,-0.8167450895516598,-0.26534806856697457,0.43712315985527284,0.5697870130066967,-1.404921455063546,-0.19913088093715017,-0.6104078227125281
GTTTCTAGTGCACCAC-1,-1.353432580775846,0.04512328751293648,0.09833481435517313,0.04995344505634849,-0.0033920380893535064,-0.019252911935812234,-0.0177056939157026,0.03416631178470403,0.024566983305221737,-0.011456171220262525
TAAACCGCACCGAATT-1,-0.08511317563190351,1.5148298132350488,0.2102364022636359,0.26083157258874534,-0.022510795093420334,-0.12208199243915803,-0.075723703008676,0.10466207332094077,0.020346691861091278,0.012253082587123779
TACACGACACGGATAG-1,-1.353432580775846,0.04512328751293648,0.09833481435517313,0.04995344505634849,-0.0033920380893535064,-0.019252911935812234,-0.0177056939157026,0.03416631178470403,0.024566983305221737,-0.011456171220262525
TACCTATTCACATACG-1,-1.353432580775846,0.04512328751293648,0.09833481435517313,0.04995344505634849,-0.0033920380893535064,-0.019252911935812234,-0.0177056939157026,0.03416631178470403,0.024566983305221737,-0.011456171220262525
TACGGGCAGGACACCA-1,1.3024364825692614,-1.2554848484321566,2.309731057659985,0.2447242366316081,0.48939462827296715,0.23847810729272378,-0.011139987962392886,0.060055642885177174,0.0032533683066303803,0.018568716372172226
TACGGTAGTTTGGCGC-1,-1.353432580775846,0.04512328751293648,0.09833481435517313,0.04995344505634849,-0.0033920380893535064,-0.019252911935812234,-0.0177056939157026,0.03416631178470403,0.024566983305221737,-0.011456171220262525
TACTCATAGTGAAGAG-1,1.292030630794828,2.534982586618636,0.2404130381714676,0.38415741170980067,-0.03789297278144668,-0.18548906138641433,-0.10791118736295399,0.13897225030526703,0.009709946409122247,0.031075648953047333
TACTCATTCATCGGAT-1,-1.353432580775846,0.04512328751293648,0.09833481435517313,0.04995344505634849,-0.0033920380893535064,-0.019252911935812234,-0.0177056939157026,0.03416631178470403,0.024566983305221737,-0.011456171220262525
TACTCATTCTGCCAGG-1,1.292030630794828,2.534982586618636,0.2404130381714676,0.38415741170980067,-0.03789297278144668,-0.18548906138641433,-0.10791118736295399,0.13897225030526703,0.009709946409122247,0.031075648953047333
TACTCGCCAGGTGGAT-1,0.938980998861342,-0.42332498312523414,-1.0947837156929148,-1.7525934647603068,-1.019153217280794,3.2932490972322626,-3.2196762430662638,1.491871654448796,0.09208051302306362,0.2260581121772477
TACTCGCTCATGTCTT-1,0.9635491709457245,-0.7988911847345094,-2.0618146623138016,0.9814262110386042,3.47637995898633,-0.2839992658219426,-0.38269544221782076,0.4440225345739189,0.024863573241858224,0.09536793912845448
TACTTACAGTTCGCGC-1,0.9246101071048098,-0.3910137457631524,-0.9954802587238398,-1.3560653682914856,-0.5908251553327016,1.2346144576470521,4.617840953617436,3.148648339034872,0.1469062347887508,0.3476242480784342
TACTTACCAAAGGTGC-1,0.9635491709457245,-0.7988911847345094,-2.0618146623138016,0.9814262110386042,3.47637995898633,-0.2839992658219426,-0.38269544221782076,0.4440225345739189,0.024863573241858224,0.09536793912845448
TACTTGTAGGTAAACT-1,-0.4095438571134343,-0.15413598146409593,-0.39351787330659904,-0.4926410174754366,-0.20312542237480602,0.3061770663075382,0.4700333275135027,-1.8536212576410493,-3.410843304226255,2.4756518268555863
TATCTCACACCATCCT-1,1.292030630794828,2.534982586618636,0.2404130381714676,0.38415741170980067,-0.03789297278144668,-0.18548906138641433,-0.10791118736295399,0.13897225030526703,0.009709946409122247,0.031075648953047333
TATGCCCAGGTGCTTT-1,1.3024364825692614,-1.2554848484321566,2.309731057659985,0.2447242366316081,0.48939462827296715,0.23847810729272378,-0.011139987962392886,0.060055642885177174,0.0032533683066303803,0.018568716372172226
TATGCCCAGTAGGTGC-1,0.9635491709457245,-0.7988911847345094,-2.0618146623138016,0.9814262110386042,3.47637995898633,-0.2839992658219426,-0.38269544221782076,0.4440225345739189,0.024863573241858224,0.09536793912845448
TATGCCCCAATAGCGG-1,-1.353432580775846,0.04512328751293648,0.09833481435517313,0.04995344505634849,-0.0033920380893535064,-0.019252911935812234,-0.0177056939157026,0.03416631178470403,0.024566983305221737,-0.011456171220262525
TATGCCCGTCCGAAGA-1,-1.353432580775846,0.04512328751293648,0.09833481435517313,0.04995344505634849,-0.0033920380893535064,-0.019252911935812234,-0.0177056939157026,0.03416631178470403,0.024566983305221737,-0.011456171220262525
TCAACGATCCGTACAA-1,0.938980998861342,-0.42332498312523414,-1.0947837156929148,-1.7525934647603068,-1.019153217280794,3.2932490972322626,-3.2196762430662638,1.491871654448796,0.09208051302306362,0.2260581121772477
TCAATCTTCCCAGGTG-1,0.7374127175413037,-0.31813328429890586,-0.7917117131175669,-0.9039124887287441,-0.34665571750220997,0.5466246351646089,0.825066618649151,-3.2087352156395927,-5.855948094674351,4.242283617380979
TCACAAGAGATTACCC-1,0.8769496202382983,-0.30763243335083346,-0.75295288827112,-0.7519355198075859,-0.23704784500726284,0.3834458167727136,0.4788220980887898,-1.0696703551747353,-0.13183324482091022,-0.38215967673273027
TCAGATGCATACGCCG-1,0.8892236943392116,-0.3262628334454998,-0.8055029354073886,-0.8537895931635587,-0.2823149538092642,0.4702623262501556,0.6300405612612396,-1.6681044878333677,-0.267999897400335,-0.8728351091131322
TCAGCAAGTAGGGACT-1,0.8934298329990367,-0.33304712955066207,-0.8248670799951765,-0.8945473401708466,-0.3016935260069242,0.5090281634002,0.704923265181301,-2.054773524557192,-0.41067748231630774,-1.5363445749917903
TCAGCAATCTGATACG-1,1.3024364825692614,-1.2554848484321566,2.309731057659985,0.2447242366316081,0.48939462827296715,0.23847810729272378,-0.011139987962392886,0.060055642885177174,0.0032533683066303803,0.018568716372172226
TCAGCTCAGGCCCTTG-1,0.9635491709457245,-0.7988911847345094,-2.0618146623138016,0.9814262110386042,3.47637995898633,-0.2839992658219426,-0.38269544221782076,0.4440225345739189,0.024863573241858224,0.09536793912845448
TCAGCTCAGTATCTCG-1,-1.353432580775846,0.04512328751293648,0.09833481435517313,0.04995344505634849,-0.0033920380893535064,-0.019252911935812234,-0.0177056939157026,0.03416631178470403,0.024566983305221737,-0.011456171220262525
TCATTACAGCTGATAA-1,0.9635491709457245,-0.7988911847345094,-2.0618146623138016,0.9814262110386042,3.47637995898633,-0.2839992658219426,-0.38269544221782076,0.4440225345739189,0.024863573241858224,0.09536793912845448
TCATTACGTTCCACTC-1,1.292030630794828,2.534982586618636,0.2404130381714676,0.38415741170980067,-0.03789297278144668,-0.18548906138641433,-0.10791118736295399,0.13897225030526703,0.009709946409122247,0.031075648953047333
TCATTACTCTAACGGT-1,-1.353432580775846,0.04512328751293648,0.09833481435517313,0.04995344505634849,-0.0033920380893535064,-0.019252911935812234,-0.0177056939157026,0.03416631178470403,0.024566983305221737,-0.011456171220262525
TCATTTGTCCGTTGCT-1,-1.353432580775846,0.04512328751293648,0.09833481435517313,0.04995344505634849,-0.0033920380893535064,-0.019252911935812234,-0.0177056939157026,0.03416631178470403,0.024566983305221737,-0.011456171220262525
TCCCGATCATGCCTTC-1,1.010810767027164,-0.787476923228244,-0.5320854030544271,-2.4956361414119534,-0.8372895842921445,-3.7438398468398213,-0.9839353944021388,0.830659371273223,0.05947183654659259,0.1424994329872086
TCGAGGCCAATAGAGT-1,1.0470852559616277,-1.1624369693569983,-1.9368187350759054,3.167033742530228,-2.1569270826567526,-0.6252726297089003,-0.23612694547405771,0.28195537308597146,0.024846948937074075,0.05395830719628282
TCGAGGCTCAACGGGA-1,-1.353432580775846,0.04512328751293648,0.09833481435517313,0.04995344505634849,-0.0033920380893535064,-0.019252911935812234,-0.0177056939157026,0.03416631178470403,0.024566983305221737,-0.011456171220262525
TCGAGGCTCTCTGTCG-1,1.292030630794828,2.534982586618636,0.2404130381714676,0.38415741170980067,-0.03789297278144668,-0.18548906138641433,-0.10791118736295399,0.13897225030526703,0.009709946409122247,0.031075648953047333
TCGCGAGAGTGAAGAG-1,1.3024364825692614,-1.2554848484321566,2.309731057659985,0.2447242366316081,0.48939462827296715,0.23847810729272378,-0.011139987962392886,0.060055642885177174,0.0032533683066303803,0.018568716372172226
TCGCGAGTCGACAGCC-1,-1.353432580775846,0.04512328751293648,0.09833481435517313,0.04995344505634849,-0.0033920380893535064,-0.019252911935812234,-0.0177056939157026,0.03416631178470403,0.024566983305221737,-0.011456171220262525
TCGCGTTAGACTACAA-1,0.938980998861342,-0.42332498312523414,-1.0947837156929148,-1.7525934647603068,-1.019153217280794,3.2932490972322626,-3.2196762430662638,1.491871654448796,0.09208051302306362,0.2260581121772477
TCGCGTTCACTTGGAT-1,1.3024364825692614,-1.2554848484321566,2.309731057659985,0.2447242366316081,0.48939462827296715,0.23847810729272378,-0.011139987962392886,0.060055642885177174,0.0032533683066303803,0.018568716372172226
TCGGTAACATTGGGCC-1,0.9635491709457245,-0.7988911847345094,-2.0618146623138016,0.9814262110386042,3.47637995898633,-0.2839992658219426,-0.38269544221782076,0.4440225345739189,0.024863573241858224,0.09536793912845448
TCTCTAAGTCTCCACT-1,-1.353432580775846,0.04512328751293648,0.09833481435517313,0.04995344505634849,-0.0033920380893535064,-0.019252911935812234,-0.0177056939157026,0.03416631178470403,0.024566983305221737,-0.011456171220262525
TCTCTAATCTACTCAT-1,0.938980998861342,-0.42332498312523414,-1.0947837156929148,-1.7525934647603068,-1.019153217280794,3.2932490972322626,-3.2196762430662638,1.491871654448796,0.09208051302306362,0.2260581121772477
TCTGAGACAAGCCGCT-1,0.938980998861342,-0.42332498312523414,-1.0947837156929148,-1.7525934647603068,-1.019153217280794,3.2932490972322626,-3.2196762430662638,1.491871654448796,0.09208051302306362,0.2260581121772477
TCTGGAATCCGTTGCT-1,-1.353432580775846,0.04512328751293648,0.09833481435517313,0.04995344505634849,-0.0033920380893535064,-0.019252911935812234,-0.0177056939157026,0.03416631178470403,0.024566983305221737,-0.011456171220262525
TGACAACAGTGTTTGC-1,1.4684706332504054,0.7540228255743258,1.5038202788325892,0.3747651818960483,0.2657509255839248,0.02868098908217877,-0.07188301123522817,0.11980636118347154,0.00787902633210734,0.029816515917066022
TGACTTTAGCCTATGT-1,0.9246101071048098,-0.3910137457631524,-0.9954802587238398,-1.3560653682914856,-0.5908251553327016,1.2346144576470521,4.617840953617436,3.148648339034872,0.1469062347887508,0.3476242480784342
TGAGCATGTCAGCTAT-1,0.7374127175413037,-0.31813328429890586,-0.7917117131175669,-0.9039124887287441,-0.34665571750220997,0.5466246351646089,0.825066618649151,-3.2087352156395927,-5.855948094674351,4.242283617380979
TGAGCCGTCTCTGTCG-1,0.9635491709457245,-0.7988911847345094,-2.0618146623138016,0.9814262110386042,3.47637995898633,-0.2839992658219426,-0.38269544221782076,0.4440225345739189,0.024863573241858224,0.09536793912845448
TGAGGGAAGAGTAATC-1,1.0470852559616277,-1.1624369693569983,-1.9368187350759054,3.167033742530228,-2.1569270826567526,-0.6252726297089003,-0.23612694547405771,0.28195537308597146,0.024846948937074075,0.05395830719628282
TGCACCTAGCCGATTT-1,-1.353432580775846,0.04512328751293648,0.09833481435517313,0.04995344505634849,-0.0033920380893535064,-0.019252911935812234,-0.0177056939157026,0.03416631178470403,0.024566983305221737,-0.011456171220262525
TGCACCTGTCGCCATG-1,-1.353432580775846,0.04512328751293648,0.09833481435517313,0.04995344505634849,-0.0033920380893535064,-0.019252911935812234,-0.0177056939157026,0.03416631178470403,0.024566983305221737,-0.011456171220262525
TGCACCTTCACCTTAT-1,1.3024364825692614,-1.2554848484321566,2.309731057659985,0.2447242366316081,0.48939462827296715,0.23847810729272378,-0.011139987962392886,0.060055642885177174,0.0032533683066303803,0.018568716372172226
TGCACCTTCAGATAAG-1,-1.353432580775846,0.04512328751293648,0.09833481435517313,0.04995344505634849,-0.0033920380893535064,-0.019252911935812234,-0.0177056939157026,0.03416631178470403,0.024566983305221737,-0.011456171220262525
TGCCAAACACTGTTAG-1,-1.353432580775846,0.04512328751293648,0.09833481435517313,0.04995344505634849,-0.0033920380893535064,-0.019252911935812234,-0.0177056939157026,0.03416631178470403,0.024566983305221737,-0.011456171220262525
TGCCAAAGTGCCTTGG-1,-1.353432580775846,0.04512328751293648,0.09833481435517313,0.04995344505634849,-0.0033920380893535064,-0.019252911935812234,-0.0177056939157026,0.03416631178470403,0.024566983305221737,-0.011456171220262525
TGCCCATCAGACTCGC-1,1.292030630794828,2.534982586618636,0.2404130381714676,0.38415741170980067,-0.03789297278144668,-0.18548906138641433,-0.10791118736295399,0.13897225030526703,0.009709946409122247,0.031075648953047333
TGCCCTAAGGCTCATT-1,-1.353432580775846,0.04512328751293648,0.09833481435517313,0.04995344505634849,-0.0033920380893535064,-0.019252911935812234,-0.0177056939157026,0.03416631178470403,0.024566983305221737,-0.011456171220262525
TGCCCTATCCAATGGT-1,1.292030630794828,2.534982586618636,0.2404130381714676,0.38415741170980067,-0.03789297278144668,-0.18548906138641433,-0.10791118736295399,0.13897225030526703,0.009709946409122247,0.031075648953047333
TGCGCAGGTAGGGACT-1,-1.353432580775846,0.04512328751293648,0.09833481435517313,0.04995344505634849,-0.0033920380893535064,-0.019252911935812234,-0.0177056939157026,0.03416631178470403,0.024566983305221737,-0.011456171220262525
TGCGCAGGTGAAGGCT-1,1.1779117173312055,-1.7235923557899342,-0.5834442968260196,3.7842687089953193,-3.7854698485701364,-0.41675084564579107,-0.1286685277465529,0.21418295004310875,0.025916230827973875,0.04458037844335598
TGCGGGTCAAGCTGTT-1,0.8850757398820452,-0.3197783034863956,-0.7871087941594952,-0.8167450895516208,-0.26534806856704174,0.4371231598552608,0.5697870130068136,-1.404921455063379,-0.19913088093659714,-0.6104078227133019
TGCGGGTCAAGTTGTC-1,-1.353432580775846,0.04512328751293648,0.09833481435517313,0.04995344505634849,-0.0033920380893535064,-0.019252911935812234,-0.0177056939157026,0.03416631178470403,0.024566983305221737,-0.011456171220262525
TGGACGCTCCCGGATG-1,-1.353432580775846,0.04512328751293648,0.09833481435517313,0.04995344505634849,-0.0033920380893535064,-0.019252911935812234,-0.0177056939157026,0.03416631178470403,0.024566983305221737,-0.011456171220262525
TGGCCAGCACTGTGTA-1,0.8976953887510439,-0.34015246995928083,-0.8452800345965877,-0.9396060972599999,-0.3240373241383447,0.5549866345146323,0.8004990563208454,-2.678476948189748,-0.8828065456387344,-6.500034647333665
TGGGAAGCAAGCCATT-1,-1.353432580775846,0.04512328751293648,0.09833481435517313,0.04995344505634849,-0.0033920380893535064,-0.019252911935812234,-0.0177056939157026,0.03416631178470403,0.024566983305221737,-0.011456171220262525
TGGGCGTTCAAAGACA-1,-1.353432580775846,0.04512328751293648,0.09833481435517313,0.04995344505634849,-0.0033920380893535064,-0.019252911935812234,-0.0177056939157026,0.03416631178470403,0.024566983305221737,-0.011456171220262525
TGGGCGTTCATATCGG-1,-1.353432580775846,0.04512328751293648,0.09833481435517313,0.04995344505634849,-0.0033920380893535064,-0.019252911935812234,-0.0177056939157026,0.03416631178470403,0.024566983305221737,-0.011456171220262525
TGTATTCGTAAGTTCC-1,1.292030630794828,2.534982586618636,0.2404130381714676,0.38415741170980067,-0.03789297278144668,-0.18548906138641433,-0.10791118736295399,0.13897225030526703,0.009709946409122247,0.031075648953047333
TGTATTCTCTGACCTC-1,-1.353432580775846,0.04512328751293648,0.09833481435517313,0.04995344505634849,-0.0033920380893535064,-0.019252911935812234,-0.0177056939157026,0.03416631178470403,0.024566983305221737,-0.011456171220262525
TGTGTTTAGCTGAAAT-1,-1.353432580775846,0.04512328751293648,0.09833481435517313,0.04995344505634849,-0.0033920380893535064,-0.019252911935812234,-0.0177056939157026,0.03416631178470403,0.024566983305221737,-0.011456171220262525
TGTGTTTTCGGAGGTA-1,-1.353432580775846,0.04512328751293648,0.09833481435517313,0.04995344505634849,-0.0033920380893535064,-0.019252911935812234,-0.0177056939157026,0.03416631178470403,0.024566983305221737,-0.011456171220262525
TGTTCCGGTATAAACG-1,1.3024364825692614,-1.2554848484321566,2.309731057659985,0.2447242366316081,0.48939462827296715,0.23847810729272378,-0.011139987962392886,0.060055642885177174,0.0032533683066303803,0.018568716372172226
TGTTCCGGTGACTCAT-1,1.3024364825692614,-1.2554848484321566,2.309731057659985,0.2447242366316081,0.48939462827296715,0.23847810729272378,-0.011139987962392886,0.060055642885177174,0.0032533683066303803,0.018568716372172226
TGTTCCGTCGGCCGAT-1,1.3024364825692614,-1.2554848484321566,2.309731057659985,0.2447242366316081,0.48939462827296715,0.23847810729272378,-0.011139987962392886,0.060055642885177174,0.0032533683066303803,0.018568716372172226
TTAACTCGTACAGTTC-1,-1.353432580775846,0.04512328751293648,0.09833481435517313,0.04995344505634849,-0.0033920380893535064,-0.019252911935812234,-0.0177056939157026,0.03416631178470403,0.024566983305221737,-0.011456171220262525
TTAGGACGTAACGACG-1,-1.353432580775846,0.04512328751293648,0.09833481435517313,0.04995344505634849,-0.0033920380893535064,-0.019252911935812234,-0.0177056939157026,0.03416631178470403,0.024566983305221737,-0.011456171220262525
TTAGGCAGTTAAGAAC-1,-1.353432580775846,0.04512328751293648,0.09833481435517313,0.04995344505634849,-0.0033920380893535064,-0.019252911935812234,-0.0177056939157026,0.03416631178470403,0.024566983305221737,-0.011456171220262525
TTAGTTCAGCCAGAAC-1,1.3024364825692614,-1.2554848484321566,2.309731057659985,0.2447242366316081,0.48939462827296715,0.23847810729272378,-0.011139987962392886,0.060055642885177174,0.0032533683066303803,0.018568716372172226
TTAGTTCCATCGATGT-1,-1.353432580775846,0.04512328751293648,0.09833481435517313,0.04995344505634849,-0.0033920380893535064,-0.019252911935812234,-0.0177056939157026,0.03416631178470403,0.024566983305221737,-0.011456171220262525
TTAGTTCTCATGTGGT-1,1.010810767027164,-0.787476923228244,-0.5320854030544271,-2.4956361414119534,-0.8372895842921445,-3.7438398468398213,-0.9839353944021388,0.830659371273223,0.05947183654659259,0.1424994329872086
TTCGAAGTCCGGCACA-1,0.8976953887510439,-0.34015246995928083,-0.8452800345965877,-0.9396060972599999,-0.3240373241383447,0.5549866345146323,0.8004990563208454,-2.678476948189748,-0.8828065456387344,-6.500034647333665
TTCGGTCCAAAGGCGT-1,-1.353432580775846,0.04512328751293648,0.09833481435517313,0.04995344505634849,-0.0033920380893535064,-0.019252911935812234,-0.0177056939157026,0.03416631178470403,0.024566983305221737,-0.011456171220262525
TTCTCAACAGATTGCT-1,1.0470852559616277,-1.1624369693569983,-1.9368187350759054,3.167033742530228,-2.1569270826567526,-0.6252726297089003,-0.23612694547405771,0.28195537308597146,0.024846948937074075,0.05395830719628282
TTCTCCTGTCTAGGTT-1,1.292030630794828,2.534982586618636,0.2404130381714676,0.38415741170980067,-0.03789297278144668,-0.18548906138641433,-0.10791118736295399,0.13897225030526703,0.009709946409122247,0.031075648953047333
TTGACTTCAAGCTGAG-1,1.292030630794828,2.534982586618636,0.2404130381714676,0.38415741170980067,-0.03789297278144668,-0.18548906138641433,-0.10791118736295399,0.13897225030526703,0.009709946409122247,0.031075648953047333
TTTATGCAGCTAGTTC-1,-1.353432580775846,0.04512328751293648,0.09833481435517313,0.04995344505634849,-0.0033920380893535064,-0.019252911935812234,-0.0177056939157026,0.03416631178470403,0.024566983305221737,-0.011456171220262525
TTTATGCCATGGAATA-1,-1.353432580775846,0.04512328751293648,0.09833481435517313,0.04995344505634849,-0.0033920380893535064,-0.019252911935812234,-0.0177056939157026,0.03416631178470403,0.024566983305221737,-0.011456171220262525
TTTCCTCGTCTAAAGA-1,0.9635491709457245,-0.7988911847345094,-2.0618146623138016,0.9814262110386042,3.47637995898633,-0.2839992658219426,-0.38269544221782076,0.4440225345739189,0.024863573241858224,0.09536793912845448
TTTGGTTAGCTGGAAC-1,-1.353432580775846,0.04512328751293648,0.09833481435517313,0.04995344505634849,-0.0033920380893535064,-0.019252911935812234,-0.0177056939157026,0.03416631178470403,0.024566983305221737,-0.011456171220262525
TTTGTCACACGAGAGT-1,-1.353432580775846,0.04512328751293648,0.09833481435517313,0.04995344505634849,-0.0033920380893535064,-0.019252911935812234,-0.0177056939157026,0.03416631178470403,0.024566983305221737,-0.011456171220262525
TTTGTCAGTCGCGGTT-1,-1.353432580775846,0.04512328751293648,0.09833481435517313,0.04995344505634849,-0.0033920380893535064,-0.019252911935812234,-0.0177056939157026,0.03416631178470403,0.024566983305221737,-0.011456171220262525
TTTGTCATCAGTTTGG-1,0.7374127175413037,-0.31813328429890586,-0.7917117131175669,-0.9039124887287441,-0.34665571750220997,0.5466246351646089,0.825066618649151,-3.2087352156395927,-5.855948094674351,4.242283617380979
