feature_type,feature_id,feature_name,index,genome,num_umis,num_reads,num_barcodes,dup_frac,num_umis_cells,num_reads_cells,num_barcodes_cells,dup_frac_cells
Gene Expression,ENSG00000279493,FP565260.4,0,GRCh38-2020-A-chr21,0,0,0,0.0,0,0,0,0.0
Gene Expression,ENSG00000277117,FP565260.3,1,GRCh38-2020-A-chr21,0,0,0,0.0,0,0,0,0.0
Gene Expression,ENSG00000279687,FP565260.5,2,GRCh38-2020-A-chr21,0,0,0,0.0,0,0,0,0.0
Gene Expression,ENSG00000280071,GATD3B,3,GRCh38-2020-A-chr21,0,0,0,0.0,0,0,0,0.0
Gene Expression,ENSG00000275464,FP565260.1,4,GRCh38-2020-A-chr21,0,0,0,0.0,0,0,0,0.0
Gene Expression,ENSG00000280433,FP565260.6,5,GRCh38-2020-A-chr21,0,0,0,0.0,0,0,0,0.0
Gene Expression,ENSG00000279669,AC079801.1,6,GRCh38-2020-A-chr21,0,0,0,0.0,0,0,0,0.0
Gene Expression,ENSG00000279094,LINC01670,7,GRCh38-2020-A-chr21,0,0,0,0.0,0,0,0,0.0
Gene Expression,ENSG00000274333,CU633967.1,8,GRCh38-2020-A-chr21,0,0,0,0.0,0,0,0,0.0
Gene Expression,ENSG00000279784,FP236315.3,9,GRCh38-2020-A-chr21,0,0,0,0.0,0,0,0,0.0
Gene Expression,ENSG00000279064,FP236315.1,10,GRCh38-2020-A-chr21,0,0,0,0.0,0,0,0,0.0
Gene Expression,ENSG00000274559,CU639417.1,11,GRCh38-2020-A-chr21,0,0,0,0.0,0,0,0,0.0
Gene Expression,ENSG00000280191,LINC01669,12,GRCh38-2020-A-chr21,0,0,0,0.0,0,0,0,0.0
Gene Expression,ENSG00000280095,CU639417.4,13,GRCh38-2020-A-chr21,0,0,0,0.0,0,0,0,0.0
Gene Expression,ENSG00000280179,CU639417.5,14,GRCh38-2020-A-chr21,0,0,0,0.0,0,0,0,0.0
Gene Expression,ENSG00000275993,SIK1B,15,GRCh38-2020-A-chr21,0,0,0,0.0,0,0,0,0.0
Gene Expression,ENSG00000288187,CU633906.5,16,GRCh38-2020-A-chr21,0,0,0,0.0,0,0,0,0.0
Gene Expression,ENSG00000275496,CU633906.1,17,GRCh38-2020-A-chr21,0,0,0,0.0,0,0,0,0.0
Gene Expression,ENSG00000278903,CU633906.2,18,GRCh38-2020-A-chr21,0,0,0,0.0,0,0,0,0.0
Gene Expression,ENSG00000274276,CBSL,19,GRCh38-2020-A-chr21,0,0,0,0.0,0,0,0,0.0
Gene Expression,ENSG00000275895,U2AF1L5,20,GRCh38-2020-A-chr21,0,0,0,0.0,0,0,0,0.0
Gene Expression,ENSG00000278927,FP236240.1,21,GRCh38-2020-A-chr21,0,0,0,0.0,0,0,0,0.0
Gene Expression,ENSG00000276076,CRYAA2,22,GRCh38-2020-A-chr21,0,0,0,0.0,0,0,0,0.0
Gene Expression,ENSG00000280145,CU638689.4,23,GRCh38-2020-A-chr21,0,0,0,0.0,0,0,0,0.0
Gene Expression,ENSG00000278878,CU638689.1,24,GRCh38-2020-A-chr21,0,0,0,0.0,0,0,0,0.0
Gene Expression,ENSG00000280164,CU638689.5,25,GRCh38-2020-A-chr21,0,0,0,0.0,0,0,0,0.0
Gene Expression,ENSG00000279998,FP475955.3,26,GRCh38-2020-A-chr21,0,0,0,0.0,0,0,0,0.0
Gene Expression,ENSG00000278955,FP475955.1,27,GRCh38-2020-A-chr21,0,0,0,0.0,0,0,0,0.0
Gene Expression,ENSG00000279751,FP475955.2,28,GRCh38-2020-A-chr21,0,0,0,0.0,0,0,0,0.0
Gene Expression,ENSG00000280018,CU634019.5,29,GRCh38-2020-A-chr21,0,0,0,0.0,0,0,0,0.0
Gene Expression,ENSG00000278884,CU634019.2,30,GRCh38-2020-A-chr21,0,0,0,0.0,0,0,0,0.0
Gene Expression,ENSG00000277067,CU634019.1,31,GRCh38-2020-A-chr21,0,0,0,0.0,0,0,0,0.0
Gene Expression,ENSG00000276077,CU633904.1,32,GRCh38-2020-A-chr21,0,0,0,0.0,0,0,0,0.0
Gene Expression,ENSG00000277991,FP236241.1,33,GRCh38-2020-A-chr21,0,0,0,0.0,0,0,0,0.0
Gene Expression,ENSG00000273590,SMIM11B,34,GRCh38-2020-A-chr21,0,0,0,0.0,0,0,0,0.0
Gene Expression,ENSG00000277277,FAM243B,35,GRCh38-2020-A-chr21,0,0,0,0.0,0,0,0,0.0
Gene Expression,ENSG00000278961,SMIM34B,36,GRCh38-2020-A-chr21,0,0,0,0.0,0,0,0,0.0
Gene Expression,ENSG00000276289,KCNE1B,37,GRCh38-2020-A-chr21,0,0,0,0.0,0,0,0,0.0
Gene Expression,ENSG00000278996,FP671120.4,38,GRCh38-2020-A-chr21,0,0,0,0.0,0,0,0,0.0
Gene Expression,ENSG00000280800,FP671120.6,39,GRCh38-2020-A-chr21,0,0,0,0.0,0,0,0,0.0
Gene Expression,ENSG00000281383,FP671120.7,40,GRCh38-2020-A-chr21,0,0,0,0.0,0,0,0,0.0
Gene Expression,ENSG00000280441,FP236383.3,41,GRCh38-2020-A-chr21,0,0,0,0.0,0,0,0,0.0
Gene Expression,ENSG00000280614,FP236383.4,42,GRCh38-2020-A-chr21,0,0,0,0.0,0,0,0,0.0
Gene Expression,ENSG00000281181,FP236383.5,43,GRCh38-2020-A-chr21,0,0,0,0.0,0,0,0,0.0
Gene Expression,ENSG00000279579,LINC01666,44,GRCh38-2020-A-chr21,0,0,0,0.0,0,0,0,0.0
Gene Expression,ENSG00000286033,CR381670.2,45,GRCh38-2020-A-chr21,0,0,0,0.0,0,0,0,0.0
Gene Expression,ENSG00000279501,CR392039.4,46,GRCh38-2020-A-chr21,0,0,0,0.0,0,0,0,0.0
Gene Expression,ENSG00000278932,CR381653.1,47,GRCh38-2020-A-chr21,15,37,14,0.5945945945945945,15,37,14,0.5945945945945945
Gene Expression,ENSG00000286103,AC124864.3,48,GRCh38-2020-A-chr21,0,0,0,0.0,0,0,0,0.0
Gene Expression,ENSG00000279321,AC018692.1,49,GRCh38-2020-A-chr21,0,0,0,0.0,0,0,0,0.0
Gene Expression,ENSG00000279851,CR382287.2,50,GRCh38-2020-A-chr21,0,0,0,0.0,0,0,0,0.0
Gene Expression,ENSG00000277693,AP003900.1,51,GRCh38-2020-A-chr21,0,0,0,0.0,0,0,0,0.0
Gene Expression,ENSG00000274391,TPTE,52,GRCh38-2020-A-chr21,13,18,13,0.2777777777777778,13,18,13,0.2777777777777778
Gene Expression,ENSG00000277282,IGHV1OR21-1,53,GRCh38-2020-A-chr21,1,1,1,0.0,1,1,1,0.0
Gene Expression,ENSG00000229306,AP001464.1,54,GRCh38-2020-A-chr21,0,0,0,0.0,0,0,0,0.0
Gene Expression,ENSG00000280108,AJ239318.1,55,GRCh38-2020-A-chr21,0,0,0,0.0,0,0,0,0.0
Gene Expression,ENSG00000228159,LINC01674,56,GRCh38-2020-A-chr21,0,0,0,0.0,0,0,0,0.0
Gene Expression,ENSG00000166351,POTED,57,GRCh38-2020-A-chr21,0,0,0,0.0,0,0,0,0.0
Gene Expression,ENSG00000224922,AL050303.1,58,GRCh38-2020-A-chr21,0,0,0,0.0,0,0,0,0.0
Gene Expression,ENSG00000224905,AP001347.1,59,GRCh38-2020-A-chr21,5,52,5,0.9038461538461539,5,52,5,0.9038461538461539
Gene Expression,ENSG00000188992,LIPI,60,GRCh38-2020-A-chr21,0,0,0,0.0,0,0,0,0.0
Gene Expression,ENSG00000185272,RBM11,61,GRCh38-2020-A-chr21,3,20,3,0.85,3,20,3,0.85
Gene Expression,ENSG00000155304,HSPA13,62,GRCh38-2020-A-chr21,40,298,33,0.8657718120805369,40,298,33,0.8657718120805369
Gene Expression,ENSG00000155307,SAMSN1,63,GRCh38-2020-A-chr21,85,453,79,0.8123620309050773,85,453,79,0.8123620309050773
Gene Expression,ENSG00000223662,SAMSN1-AS1,64,GRCh38-2020-A-chr21,0,0,0,0.0,0,0,0,0.0
Gene Expression,ENSG00000232884,AF127936.2,65,GRCh38-2020-A-chr21,0,0,0,0.0,0,0,0,0.0
Gene Expression,ENSG00000226751,AF127936.1,66,GRCh38-2020-A-chr21,1,8,1,0.875,1,8,1,0.875
Gene Expression,ENSG00000281903,LINC02246,67,GRCh38-2020-A-chr21,1,7,1,0.8571428571428572,1,7,1,0.8571428571428572
Gene Expression,ENSG00000235277,AF127577.3,68,GRCh38-2020-A-chr21,0,0,0,0.0,0,0,0,0.0
Gene Expression,ENSG00000180530,NRIP1,69,GRCh38-2020-A-chr21,71,528,63,0.865530303030303,71,528,63,0.865530303030303
Gene Expression,ENSG00000229047,AF127577.1,70,GRCh38-2020-A-chr21,0,0,0,0.0,0,0,0,0.0
Gene Expression,ENSG00000231201,AF127577.2,71,GRCh38-2020-A-chr21,0,0,0,0.0,0,0,0,0.0
Gene Expression,ENSG00000236471,AF127577.5,72,GRCh38-2020-A-chr21,0,0,0,0.0,0,0,0,0.0
Gene Expression,ENSG00000229425,AJ009632.2,73,GRCh38-2020-A-chr21,0,0,0,0.0,0,0,0,0.0
Gene Expression,ENSG00000224247,AJ009632.1,74,GRCh38-2020-A-chr21,0,0,0,0.0,0,0,0,0.0
Gene Expression,ENSG00000155313,USP25,75,GRCh38-2020-A-chr21,57,471,50,0.8789808917197452,57,471,50,0.8789808917197452
Gene Expression,ENSG00000215386,MIR99AHG,76,GRCh38-2020-A-chr21,0,0,0,0.0,0,0,0,0.0
Gene Expression,ENSG00000270071,AP001172.1,77,GRCh38-2020-A-chr21,0,0,0,0.0,0,0,0,0.0
Gene Expression,ENSG00000270139,AP001172.2,78,GRCh38-2020-A-chr21,0,0,0,0.0,0,0,0,0.0
Gene Expression,ENSG00000287066,AP000962.3,79,GRCh38-2020-A-chr21,0,0,0,0.0,0,0,0,0.0
Gene Expression,ENSG00000269950,AP000962.1,80,GRCh38-2020-A-chr21,0,0,0,0.0,0,0,0,0.0
Gene Expression,ENSG00000237735,AF130359.1,81,GRCh38-2020-A-chr21,0,0,0,0.0,0,0,0,0.0
Gene Expression,ENSG00000232886,AF212831.1,82,GRCh38-2020-A-chr21,0,0,0,0.0,0,0,0,0.0
Gene Expression,ENSG00000232560,LINC01549,83,GRCh38-2020-A-chr21,0,0,0,0.0,0,0,0,0.0
Gene Expression,ENSG00000154639,CXADR,84,GRCh38-2020-A-chr21,1,5,1,0.8,1,5,1,0.8
Gene Expression,ENSG00000154640,BTG3,85,GRCh38-2020-A-chr21,59,474,54,0.8755274261603375,59,474,54,0.8755274261603375
Gene Expression,ENSG00000280594,BTG3-AS1,86,GRCh38-2020-A-chr21,6,53,6,0.8867924528301887,6,53,6,0.8867924528301887
Gene Expression,ENSG00000226956,AP000432.1,87,GRCh38-2020-A-chr21,0,0,0,0.0,0,0,0,0.0
Gene Expression,ENSG00000240770,C21orf91-OT1,88,GRCh38-2020-A-chr21,0,0,0,0.0,0,0,0,0.0
Gene Expression,ENSG00000154642,C21orf91,89,GRCh38-2020-A-chr21,57,469,52,0.8784648187633263,57,469,52,0.8784648187633263
Gene Expression,ENSG00000244676,AL109761.1,90,GRCh38-2020-A-chr21,1,10,1,0.9,1,10,1,0.9
Gene Expression,ENSG00000231755,CHODL-AS1,91,GRCh38-2020-A-chr21,0,0,0,0.0,0,0,0,0.0
Gene Expression,ENSG00000154645,CHODL,92,GRCh38-2020-A-chr21,1,3,1,0.6666666666666667,1,3,1,0.6666666666666667
Gene Expression,ENSG00000227330,AF130417.1,93,GRCh38-2020-A-chr21,0,0,0,0.0,0,0,0,0.0
Gene Expression,ENSG00000154646,TMPRSS15,94,GRCh38-2020-A-chr21,0,0,0,0.0,0,0,0,0.0
Gene Expression,ENSG00000228708,AL109763.1,95,GRCh38-2020-A-chr21,0,0,0,0.0,0,0,0,0.0
Gene Expression,ENSG00000224141,MIR548XHG,96,GRCh38-2020-A-chr21,0,0,0,0.0,0,0,0,0.0
Gene Expression,ENSG00000230233,AF240627.1,97,GRCh38-2020-A-chr21,0,0,0,0.0,0,0,0,0.0
Gene Expression,ENSG00000232193,AL157359.2,98,GRCh38-2020-A-chr21,0,0,0,0.0,0,0,0,0.0
Gene Expression,ENSG00000226204,AL157359.1,99,GRCh38-2020-A-chr21,0,0,0,0.0,0,0,0,0.0
Gene Expression,ENSG00000235965,AP000431.2,100,GRCh38-2020-A-chr21,0,0,0,0.0,0,0,0,0.0
Gene Expression,ENSG00000229289,AP000431.1,101,GRCh38-2020-A-chr21,0,0,0,0.0,0,0,0,0.0
Gene Expression,ENSG00000231620,AP000855.1,102,GRCh38-2020-A-chr21,0,0,0,0.0,0,0,0,0.0
Gene Expression,ENSG00000233480,LINC01683,103,GRCh38-2020-A-chr21,0,0,0,0.0,0,0,0,0.0
Gene Expression,ENSG00000233236,LINC02573,104,GRCh38-2020-A-chr21,0,0,0,0.0,0,0,0,0.0
Gene Expression,ENSG00000224924,LINC00320,105,GRCh38-2020-A-chr21,0,0,0,0.0,0,0,0,0.0
Gene Expression,ENSG00000154654,NCAM2,106,GRCh38-2020-A-chr21,0,0,0,0.0,0,0,0,0.0
Gene Expression,ENSG00000226771,AP001136.1,107,GRCh38-2020-A-chr21,0,0,0,0.0,0,0,0,0.0
Gene Expression,ENSG00000234730,AP001117.1,108,GRCh38-2020-A-chr21,0,0,0,0.0,0,0,0,0.0
Gene Expression,ENSG00000237527,AF241725.1,109,GRCh38-2020-A-chr21,0,0,0,0.0,0,0,0,0.0
Gene Expression,ENSG00000238265,LINC00317,110,GRCh38-2020-A-chr21,0,0,0,0.0,0,0,0,0.0
Gene Expression,ENSG00000233997,LINC01425,111,GRCh38-2020-A-chr21,0,0,0,0.0,0,0,0,0.0
Gene Expression,ENSG00000227075,AP000472.1,112,GRCh38-2020-A-chr21,0,0,0,0.0,0,0,0,0.0
Gene Expression,ENSG00000233215,LINC01687,113,GRCh38-2020-A-chr21,0,0,0,0.0,0,0,0,0.0
Gene Expression,ENSG00000184856,LINC00308,114,GRCh38-2020-A-chr21,0,0,0,0.0,0,0,0,0.0
Gene Expression,ENSG00000226043,AP000561.1,115,GRCh38-2020-A-chr21,0,0,0,0.0,0,0,0,0.0
Gene Expression,ENSG00000234034,AP000959.1,116,GRCh38-2020-A-chr21,0,0,0,0.0,0,0,0,0.0
Gene Expression,ENSG00000230972,AP001116.1,117,GRCh38-2020-A-chr21,0,0,0,0.0,0,0,0,0.0
Gene Expression,ENSG00000286222,AP001255.1,118,GRCh38-2020-A-chr21,0,0,0,0.0,0,0,0,0.0
Gene Expression,ENSG00000228592,AP000459.2,119,GRCh38-2020-A-chr21,0,0,0,0.0,0,0,0,0.0
Gene Expression,ENSG00000227716,AP000459.1,120,GRCh38-2020-A-chr21,0,0,0,0.0,0,0,0,0.0
Gene Expression,ENSG00000288094,AP000961.1,121,GRCh38-2020-A-chr21,0,0,0,0.0,0,0,0,0.0
Gene Expression,ENSG00000287612,AP000474.2,122,GRCh38-2020-A-chr21,0,0,0,0.0,0,0,0,0.0
Gene Expression,ENSG00000231986,AP000474.1,123,GRCh38-2020-A-chr21,0,0,0,0.0,0,0,0,0.0
Gene Expression,ENSG00000235564,AP000477.2,124,GRCh38-2020-A-chr21,0,0,0,0.0,0,0,0,0.0
Gene Expression,ENSG00000287801,AP000477.3,125,GRCh38-2020-A-chr21,0,0,0,0.0,0,0,0,0.0
Gene Expression,ENSG00000226996,AP000477.1,126,GRCh38-2020-A-chr21,0,0,0,0.0,0,0,0,0.0
Gene Expression,ENSG00000224018,AP000470.1,127,GRCh38-2020-A-chr21,0,0,0,0.0,0,0,0,0.0
Gene Expression,ENSG00000224832,LINC01689,128,GRCh38-2020-A-chr21,0,0,0,0.0,0,0,0,0.0
Gene Expression,ENSG00000237484,LINC01684,129,GRCh38-2020-A-chr21,10,73,10,0.863013698630137,10,73,10,0.863013698630137
Gene Expression,ENSG00000226983,LINC01692,130,GRCh38-2020-A-chr21,0,0,0,0.0,0,0,0,0.0
Gene Expression,ENSG00000227090,AP000402.1,131,GRCh38-2020-A-chr21,0,0,0,0.0,0,0,0,0.0
Gene Expression,ENSG00000230379,AP000146.1,132,GRCh38-2020-A-chr21,0,0,0,0.0,0,0,0,0.0
Gene Expression,ENSG00000244278,AP000235.1,133,GRCh38-2020-A-chr21,0,0,0,0.0,0,0,0,0.0
Gene Expression,ENSG00000232512,AP000233.2,134,GRCh38-2020-A-chr21,0,0,0,0.0,0,0,0,0.0
Gene Expression,ENSG00000223870,AP000233.1,135,GRCh38-2020-A-chr21,0,0,0,0.0,0,0,0,0.0
Gene Expression,ENSG00000222042,AP001341.1,136,GRCh38-2020-A-chr21,1,5,1,0.8,1,5,1,0.8
Gene Expression,ENSG00000185433,LINC00158,137,GRCh38-2020-A-chr21,3,13,2,0.7692307692307692,3,13,2,0.7692307692307692
Gene Expression,ENSG00000229962,AP000221.1,138,GRCh38-2020-A-chr21,0,0,0,0.0,0,0,0,0.0
Gene Expression,ENSG00000234883,MIR155HG,139,GRCh38-2020-A-chr21,37,255,31,0.8549019607843137,37,255,31,0.8549019607843137
Gene Expression,ENSG00000260583,AP000223.1,140,GRCh38-2020-A-chr21,0,0,0,0.0,0,0,0,0.0
Gene Expression,ENSG00000154719,MRPL39,141,GRCh38-2020-A-chr21,58,484,54,0.8801652892561983,58,484,54,0.8801652892561983
Gene Expression,ENSG00000154721,JAM2,142,GRCh38-2020-A-chr21,2,11,2,0.8181818181818181,2,11,2,0.8181818181818181
Gene Expression,ENSG00000287109,AP000224.1,143,GRCh38-2020-A-chr21,0,0,0,0.0,0,0,0,0.0
Gene Expression,ENSG00000154723,ATP5PF,144,GRCh38-2020-A-chr21,574,4406,350,0.8697231048570131,574,4406,350,0.8697231048570131
Gene Expression,ENSG00000154727,GABPA,145,GRCh38-2020-A-chr21,47,336,44,0.8601190476190477,47,336,44,0.8601190476190477
Gene Expression,ENSG00000142192,APP,146,GRCh38-2020-A-chr21,124,1242,100,0.9001610305958132,124,1242,100,0.9001610305958132
Gene Expression,ENSG00000233783,AP001442.1,147,GRCh38-2020-A-chr21,0,0,0,0.0,0,0,0,0.0
Gene Expression,ENSG00000224541,AP001439.1,148,GRCh38-2020-A-chr21,0,0,0,0.0,0,0,0,0.0
Gene Expression,ENSG00000273492,AP000229.1,149,GRCh38-2020-A-chr21,0,0,0,0.0,0,0,0,0.0
Gene Expression,ENSG00000286902,AP001595.2,150,GRCh38-2020-A-chr21,0,0,0,0.0,0,0,0,0.0
Gene Expression,ENSG00000229025,AP001595.1,151,GRCh38-2020-A-chr21,0,0,0,0.0,0,0,0,0.0
Gene Expression,ENSG00000232692,AP001596.1,152,GRCh38-2020-A-chr21,0,0,0,0.0,0,0,0,0.0
Gene Expression,ENSG00000197934,CYYR1-AS1,153,GRCh38-2020-A-chr21,0,0,0,0.0,0,0,0,0.0
Gene Expression,ENSG00000273115,AP001596.2,154,GRCh38-2020-A-chr21,0,0,0,0.0,0,0,0,0.0
Gene Expression,ENSG00000166265,CYYR1,155,GRCh38-2020-A-chr21,1,1,1,0.0,1,1,1,0.0
Gene Expression,ENSG00000154734,ADAMTS1,156,GRCh38-2020-A-chr21,0,0,0,0.0,0,0,0,0.0
Gene Expression,ENSG00000223563,AP001599.1,157,GRCh38-2020-A-chr21,0,0,0,0.0,0,0,0,0.0
Gene Expression,ENSG00000154736,ADAMTS5,158,GRCh38-2020-A-chr21,0,0,0,0.0,0,0,0,0.0
Gene Expression,ENSG00000231236,AP001605.1,159,GRCh38-2020-A-chr21,0,0,0,0.0,0,0,0,0.0
Gene Expression,ENSG00000236332,AP001604.1,160,GRCh38-2020-A-chr21,0,0,0,0.0,0,0,0,0.0
Gene Expression,ENSG00000234052,LINC01673,161,GRCh38-2020-A-chr21,0,0,0,0.0,0,0,0,0.0
Gene Expression,ENSG00000225298,LINC00113,162,GRCh38-2020-A-chr21,0,0,0,0.0,0,0,0,0.0
Gene Expression,ENSG00000234083,AJ006995.1,163,GRCh38-2020-A-chr21,0,0,0,0.0,0,0,0,0.0
Gene Expression,ENSG00000178457,LINC00314,164,GRCh38-2020-A-chr21,0,0,0,0.0,0,0,0,0.0
Gene Expression,ENSG00000232079,LINC01697,165,GRCh38-2020-A-chr21,0,0,0,0.0,0,0,0,0.0
Gene Expression,ENSG00000236532,LINC01695,166,GRCh38-2020-A-chr21,0,0,0,0.0,0,0,0,0.0
Gene Expression,ENSG00000232855,AF165147.1,167,GRCh38-2020-A-chr21,7,27,6,0.7407407407407407,7,27,6,0.7407407407407407
Gene Expression,ENSG00000226935,LINC00161,168,GRCh38-2020-A-chr21,0,0,0,0.0,0,0,0,0.0
Gene Expression,ENSG00000156239,N6AMT1,169,GRCh38-2020-A-chr21,33,305,33,0.8918032786885246,33,305,33,0.8918032786885246
Gene Expression,ENSG00000198862,LTN1,170,GRCh38-2020-A-chr21,77,613,67,0.8743882544861338,77,613,67,0.8743882544861338
Gene Expression,ENSG00000156253,RWDD2B,171,GRCh38-2020-A-chr21,20,164,20,0.8780487804878049,20,164,20,0.8780487804878049
Gene Expression,ENSG00000273254,AF129075.2,172,GRCh38-2020-A-chr21,5,28,5,0.8214285714285714,5,28,5,0.8214285714285714
Gene Expression,ENSG00000156256,USP16,173,GRCh38-2020-A-chr21,197,1576,159,0.875,197,1576,159,0.875
Gene Expression,ENSG00000156261,CCT8,174,GRCh38-2020-A-chr21,344,2994,243,0.8851035404141616,344,2994,243,0.8851035404141616
Gene Expression,ENSG00000231125,AF129075.1,175,GRCh38-2020-A-chr21,0,0,0,0.0,0,0,0,0.0
Gene Expression,ENSG00000286018,AF129075.3,176,GRCh38-2020-A-chr21,0,0,0,0.0,0,0,0,0.0
Gene Expression,ENSG00000156265,MAP3K7CL,177,GRCh38-2020-A-chr21,29,186,28,0.8440860215053764,29,186,28,0.8440860215053764
Gene Expression,ENSG00000224649,AF124730.1,178,GRCh38-2020-A-chr21,0,0,0,0.0,0,0,0,0.0
Gene Expression,ENSG00000215533,LINC00189,179,GRCh38-2020-A-chr21,0,0,0,0.0,0,0,0,0.0
Gene Expression,ENSG00000156273,BACH1,180,GRCh38-2020-A-chr21,57,363,47,0.8429752066115702,57,363,47,0.8429752066115702
Gene Expression,ENSG00000248476,BACH1-IT1,181,GRCh38-2020-A-chr21,0,0,0,0.0,0,0,0,0.0
Gene Expression,ENSG00000273017,AP000240.1,182,GRCh38-2020-A-chr21,2,4,2,0.5,2,4,2,0.5
Gene Expression,ENSG00000232118,BACH1-AS1,183,GRCh38-2020-A-chr21,0,0,0,0.0,0,0,0,0.0
Gene Expression,ENSG00000228817,BACH1-IT2,184,GRCh38-2020-A-chr21,0,0,0,0.0,0,0,0,0.0
Gene Expression,ENSG00000234293,BACH1-IT3,185,GRCh38-2020-A-chr21,0,0,0,0.0,0,0,0,0.0
Gene Expression,ENSG00000171189,GRIK1,186,GRCh38-2020-A-chr21,0,0,0,0.0,0,0,0,0.0
Gene Expression,ENSG00000273464,AP000238.1,187,GRCh38-2020-A-chr21,0,0,0,0.0,0,0,0,0.0
Gene Expression,ENSG00000174680,GRIK1-AS1,188,GRCh38-2020-A-chr21,0,0,0,0.0,0,0,0,0.0
Gene Expression,ENSG00000259981,AF096876.1,189,GRCh38-2020-A-chr21,0,0,0,0.0,0,0,0,0.0
Gene Expression,ENSG00000156282,CLDN17,190,GRCh38-2020-A-chr21,0,0,0,0.0,0,0,0,0.0
Gene Expression,ENSG00000227342,LINC00307,191,GRCh38-2020-A-chr21,0,0,0,0.0,0,0,0,0.0
Gene Expression,ENSG00000156284,CLDN8,192,GRCh38-2020-A-chr21,0,0,0,0.0,0,0,0,0.0
Gene Expression,ENSG00000188694,KRTAP24-1,193,GRCh38-2020-A-chr21,0,0,0,0.0,0,0,0,0.0
Gene Expression,ENSG00000232263,KRTAP25-1,194,GRCh38-2020-A-chr21,0,0,0,0.0,0,0,0,0.0
Gene Expression,ENSG00000197683,KRTAP26-1,195,GRCh38-2020-A-chr21,0,0,0,0.0,0,0,0,0.0
Gene Expression,ENSG00000206107,KRTAP27-1,196,GRCh38-2020-A-chr21,0,0,0,0.0,0,0,0,0.0
Gene Expression,ENSG00000186980,KRTAP23-1,197,GRCh38-2020-A-chr21,0,0,0,0.0,0,0,0,0.0
Gene Expression,ENSG00000182816,KRTAP13-2,198,GRCh38-2020-A-chr21,0,0,0,0.0,0,0,0,0.0
Gene Expression,ENSG00000198390,KRTAP13-1,199,GRCh38-2020-A-chr21,0,0,0,0.0,0,0,0,0.0
Gene Expression,ENSG00000240432,KRTAP13-3,200,GRCh38-2020-A-chr21,0,0,0,0.0,0,0,0,0.0
Gene Expression,ENSG00000186971,KRTAP13-4,201,GRCh38-2020-A-chr21,0,0,0,0.0,0,0,0,0.0
Gene Expression,ENSG00000186970,KRTAP15-1,202,GRCh38-2020-A-chr21,0,0,0,0.0,0,0,0,0.0
Gene Expression,ENSG00000184351,KRTAP19-1,203,GRCh38-2020-A-chr21,0,0,0,0.0,0,0,0,0.0
Gene Expression,ENSG00000186965,KRTAP19-2,204,GRCh38-2020-A-chr21,0,0,0,0.0,0,0,0,0.0
Gene Expression,ENSG00000244025,KRTAP19-3,205,GRCh38-2020-A-chr21,0,0,0,0.0,0,0,0,0.0
Gene Expression,ENSG00000186967,KRTAP19-4,206,GRCh38-2020-A-chr21,0,0,0,0.0,0,0,0,0.0
Gene Expression,ENSG00000186977,KRTAP19-5,207,GRCh38-2020-A-chr21,0,0,0,0.0,0,0,0,0.0
Gene Expression,ENSG00000186925,KRTAP19-6,208,GRCh38-2020-A-chr21,0,0,0,0.0,0,0,0,0.0
Gene Expression,ENSG00000244362,KRTAP19-7,209,GRCh38-2020-A-chr21,0,0,0,0.0,0,0,0,0.0
Gene Expression,ENSG00000206106,KRTAP22-2,210,GRCh38-2020-A-chr21,0,0,0,0.0,0,0,0,0.0
Gene Expression,ENSG00000212938,KRTAP6-3,211,GRCh38-2020-A-chr21,0,0,0,0.0,0,0,0,0.0
Gene Expression,ENSG00000186930,KRTAP6-2,212,GRCh38-2020-A-chr21,0,0,0,0.0,0,0,0,0.0
Gene Expression,ENSG00000186924,KRTAP22-1,213,GRCh38-2020-A-chr21,0,0,0,0.0,0,0,0,0.0
Gene Expression,ENSG00000184724,KRTAP6-1,214,GRCh38-2020-A-chr21,0,0,0,0.0,0,0,0,0.0
Gene Expression,ENSG00000244624,KRTAP20-1,215,GRCh38-2020-A-chr21,0,0,0,0.0,0,0,0,0.0
Gene Expression,ENSG00000206105,KRTAP20-4,216,GRCh38-2020-A-chr21,0,0,0,0.0,0,0,0,0.0
Gene Expression,ENSG00000184032,KRTAP20-2,217,GRCh38-2020-A-chr21,0,0,0,0.0,0,0,0,0.0
Gene Expression,ENSG00000206104,KRTAP20-3,218,GRCh38-2020-A-chr21,0,0,0,0.0,0,0,0,0.0
Gene Expression,ENSG00000231068,KRTAP21-3,219,GRCh38-2020-A-chr21,0,0,0,0.0,0,0,0,0.0
Gene Expression,ENSG00000187026,KRTAP21-2,220,GRCh38-2020-A-chr21,0,0,0,0.0,0,0,0,0.0
Gene Expression,ENSG00000187005,KRTAP21-1,221,GRCh38-2020-A-chr21,0,0,0,0.0,0,0,0,0.0
Gene Expression,ENSG00000183640,KRTAP8-1,222,GRCh38-2020-A-chr21,0,0,0,0.0,0,0,0,0.0
Gene Expression,ENSG00000274749,KRTAP7-1,223,GRCh38-2020-A-chr21,0,0,0,0.0,0,0,0,0.0
Gene Expression,ENSG00000182591,KRTAP11-1,224,GRCh38-2020-A-chr21,0,0,0,0.0,0,0,0,0.0
Gene Expression,ENSG00000206102,KRTAP19-8,225,GRCh38-2020-A-chr21,0,0,0,0.0,0,0,0,0.0
Gene Expression,ENSG00000156299,TIAM1,226,GRCh38-2020-A-chr21,50,368,43,0.8641304347826086,50,368,43,0.8641304347826086
Gene Expression,ENSG00000286643,AP000248.1,227,GRCh38-2020-A-chr21,0,0,0,0.0,0,0,0,0.0
Gene Expression,ENSG00000237594,AP000251.1,228,GRCh38-2020-A-chr21,1,13,1,0.9230769230769231,1,13,1,0.9230769230769231
Gene Expression,ENSG00000234509,AP000253.1,229,GRCh38-2020-A-chr21,1,1,1,0.0,1,1,1,0.0
Gene Expression,ENSG00000142168,SOD1,230,GRCh38-2020-A-chr21,898,8905,456,0.8991577765300394,898,8905,456,0.8991577765300394
Gene Expression,ENSG00000273271,AP000254.2,231,GRCh38-2020-A-chr21,2,10,2,0.8,2,10,2,0.8
Gene Expression,ENSG00000156304,SCAF4,232,GRCh38-2020-A-chr21,195,1668,163,0.8830935251798562,195,1668,163,0.8830935251798562
Gene Expression,ENSG00000273091,AP000255.1,233,GRCh38-2020-A-chr21,0,0,0,0.0,0,0,0,0.0
Gene Expression,ENSG00000142149,HUNK,234,GRCh38-2020-A-chr21,1,9,1,0.8888888888888888,1,9,1,0.8888888888888888
Gene Expression,ENSG00000237138,HUNK-AS1,235,GRCh38-2020-A-chr21,0,0,0,0.0,0,0,0,0.0
Gene Expression,ENSG00000230323,LINC00159,236,GRCh38-2020-A-chr21,0,0,0,0.0,0,0,0,0.0
Gene Expression,ENSG00000261610,AP000265.1,237,GRCh38-2020-A-chr21,0,0,0,0.0,0,0,0,0.0
Gene Expression,ENSG00000159055,MIS18A,238,GRCh38-2020-A-chr21,30,247,28,0.8785425101214575,30,247,28,0.8785425101214575
Gene Expression,ENSG00000227256,MIS18A-AS1,239,GRCh38-2020-A-chr21,0,0,0,0.0,0,0,0,0.0
Gene Expression,ENSG00000170262,MRAP,240,GRCh38-2020-A-chr21,0,0,0,0.0,0,0,0,0.0
Gene Expression,ENSG00000232623,AP000266.1,241,GRCh38-2020-A-chr21,0,0,0,0.0,0,0,0,0.0
Gene Expression,ENSG00000142207,URB1,242,GRCh38-2020-A-chr21,19,180,19,0.8944444444444445,19,180,19,0.8944444444444445
Gene Expression,ENSG00000256073,URB1-AS1,243,GRCh38-2020-A-chr21,11,92,11,0.8804347826086957,11,92,11,0.8804347826086957
Gene Expression,ENSG00000166979,EVA1C,244,GRCh38-2020-A-chr21,18,168,17,0.8928571428571429,18,168,17,0.8928571428571429
Gene Expression,ENSG00000242220,TCP10L,245,GRCh38-2020-A-chr21,0,0,0,0.0,0,0,0,0.0
Gene Expression,ENSG00000159079,CFAP298,246,GRCh38-2020-A-chr21,159,1582,138,0.8994943109987358,159,1582,138,0.8994943109987358
Gene Expression,ENSG00000159082,SYNJ1,247,GRCh38-2020-A-chr21,18,111,18,0.8378378378378378,18,111,18,0.8378378378378378
Gene Expression,ENSG00000238197,PAXBP1-AS1,248,GRCh38-2020-A-chr21,7,39,7,0.8205128205128205,7,39,7,0.8205128205128205
Gene Expression,ENSG00000159086,PAXBP1,249,GRCh38-2020-A-chr21,31,206,31,0.8495145631067962,31,206,31,0.8495145631067962
Gene Expression,ENSG00000205930,C21orf62-AS1,250,GRCh38-2020-A-chr21,15,150,15,0.9,15,150,15,0.9
Gene Expression,ENSG00000205929,C21orf62,251,GRCh38-2020-A-chr21,0,0,0,0.0,0,0,0,0.0
Gene Expression,ENSG00000232360,AP000281.2,252,GRCh38-2020-A-chr21,0,0,0,0.0,0,0,0,0.0
Gene Expression,ENSG00000227757,AP000282.1,253,GRCh38-2020-A-chr21,0,0,0,0.0,0,0,0,0.0
Gene Expression,ENSG00000228961,LINC01690,254,GRCh38-2020-A-chr21,0,0,0,0.0,0,0,0,0.0
Gene Expression,ENSG00000205927,OLIG2,255,GRCh38-2020-A-chr21,0,0,0,0.0,0,0,0,0.0
Gene Expression,ENSG00000232539,LINC00945,256,GRCh38-2020-A-chr21,0,0,0,0.0,0,0,0,0.0
Gene Expression,ENSG00000184221,OLIG1,257,GRCh38-2020-A-chr21,2,13,2,0.8461538461538461,2,13,2,0.8461538461538461
Gene Expression,ENSG00000226527,AP000289.1,258,GRCh38-2020-A-chr21,0,0,0,0.0,0,0,0,0.0
Gene Expression,ENSG00000226433,AP000290.1,259,GRCh38-2020-A-chr21,0,0,0,0.0,0,0,0,0.0
Gene Expression,ENSG00000229086,LINC01548,260,GRCh38-2020-A-chr21,0,0,0,0.0,0,0,0,0.0
Gene Expression,ENSG00000159110,IFNAR2,261,GRCh38-2020-A-chr21,145,1163,120,0.8753224419604471,145,1163,120,0.8753224419604471
Gene Expression,ENSG00000223799,IL10RB-DT,262,GRCh38-2020-A-chr21,9,42,8,0.7857142857142857,9,42,8,0.7857142857142857
Gene Expression,ENSG00000243646,IL10RB,263,GRCh38-2020-A-chr21,156,1251,125,0.8752997601918465,156,1251,125,0.8752997601918465
Gene Expression,ENSG00000142166,IFNAR1,264,GRCh38-2020-A-chr21,207,1558,162,0.8671373555840822,207,1558,162,0.8671373555840822
Gene Expression,ENSG00000159128,IFNGR2,265,GRCh38-2020-A-chr21,292,3163,183,0.907682579829276,292,3163,183,0.907682579829276
Gene Expression,ENSG00000142188,TMEM50B,266,GRCh38-2020-A-chr21,146,1269,119,0.8849487785657999,146,1269,119,0.8849487785657999
Gene Expression,ENSG00000231355,AP000302.1,267,GRCh38-2020-A-chr21,0,0,0,0.0,0,0,0,0.0
Gene Expression,ENSG00000177692,DNAJC28,268,GRCh38-2020-A-chr21,1,11,1,0.9090909090909091,1,11,1,0.9090909090909091
Gene Expression,ENSG00000159131,GART,269,GRCh38-2020-A-chr21,78,537,65,0.8547486033519553,78,537,65,0.8547486033519553
Gene Expression,ENSG00000159140,SON,270,GRCh38-2020-A-chr21,1230,5873,506,0.7905670015324366,1230,5873,506,0.7905670015324366
Gene Expression,ENSG00000159147,DONSON,271,GRCh38-2020-A-chr21,33,307,23,0.8925081433224755,33,307,23,0.8925081433224755
Gene Expression,ENSG00000205758,CRYZL1,272,GRCh38-2020-A-chr21,95,659,87,0.8558421851289832,95,659,87,0.8558421851289832
Gene Expression,ENSG00000205726,ITSN1,273,GRCh38-2020-A-chr21,7,43,6,0.8372093023255813,7,43,6,0.8372093023255813
Gene Expression,ENSG00000241837,ATP5PO,274,GRCh38-2020-A-chr21,1068,10963,478,0.9025814101979386,1068,10963,478,0.9025814101979386
Gene Expression,ENSG00000237945,LINC00649,275,GRCh38-2020-A-chr21,44,227,43,0.8061674008810573,44,227,43,0.8061674008810573
Gene Expression,ENSG00000273102,AP000569.1,276,GRCh38-2020-A-chr21,1,3,1,0.6666666666666667,1,3,1,0.6666666666666667
Gene Expression,ENSG00000243927,MRPS6,277,GRCh38-2020-A-chr21,158,698,126,0.7736389684813754,158,698,126,0.7736389684813754
Gene Expression,ENSG00000198743,SLC5A3,278,GRCh38-2020-A-chr21,26,86,26,0.6976744186046512,26,86,26,0.6976744186046512
Gene Expression,ENSG00000227456,LINC00310,279,GRCh38-2020-A-chr21,0,0,0,0.0,0,0,0,0.0
Gene Expression,ENSG00000214955,AP000317.1,280,GRCh38-2020-A-chr21,0,0,0,0.0,0,0,0,0.0
Gene Expression,ENSG00000225555,AP000320.1,281,GRCh38-2020-A-chr21,0,0,0,0.0,0,0,0,0.0
Gene Expression,ENSG00000159197,KCNE2,282,GRCh38-2020-A-chr21,0,0,0,0.0,0,0,0,0.0
Gene Expression,ENSG00000205670,SMIM11A,283,GRCh38-2020-A-chr21,0,0,0,0.0,0,0,0,0.0
Gene Expression,ENSG00000222018,FAM243A,284,GRCh38-2020-A-chr21,0,0,0,0.0,0,0,0,0.0
Gene Expression,ENSG00000273104,AP000322.2,285,GRCh38-2020-A-chr21,0,0,0,0.0,0,0,0,0.0
Gene Expression,ENSG00000243627,SMIM34A,286,GRCh38-2020-A-chr21,0,0,0,0.0,0,0,0,0.0
Gene Expression,ENSG00000272958,AP000322.1,287,GRCh38-2020-A-chr21,0,0,0,0.0,0,0,0,0.0
Gene Expression,ENSG00000180509,KCNE1,288,GRCh38-2020-A-chr21,0,0,0,0.0,0,0,0,0.0
Gene Expression,ENSG00000159200,RCAN1,289,GRCh38-2020-A-chr21,0,0,0,0.0,0,0,0,0.0
Gene Expression,ENSG00000159212,CLIC6,290,GRCh38-2020-A-chr21,0,0,0,0.0,0,0,0,0.0
Gene Expression,ENSG00000230978,LINC00160,291,GRCh38-2020-A-chr21,0,0,0,0.0,0,0,0,0.0
Gene Expression,ENSG00000234380,LINC01426,292,GRCh38-2020-A-chr21,0,0,0,0.0,0,0,0,0.0
Gene Expression,ENSG00000159216,RUNX1,293,GRCh38-2020-A-chr21,0,0,0,0.0,0,0,0,0.0
Gene Expression,ENSG00000286153,AP000331.1,294,GRCh38-2020-A-chr21,0,0,0,0.0,0,0,0,0.0
Gene Expression,ENSG00000234703,AF015262.1,295,GRCh38-2020-A-chr21,0,0,0,0.0,0,0,0,0.0
Gene Expression,ENSG00000230794,AF015720.1,296,GRCh38-2020-A-chr21,0,0,0,0.0,0,0,0,0.0
Gene Expression,ENSG00000231106,LINC01436,297,GRCh38-2020-A-chr21,0,0,0,0.0,0,0,0,0.0
Gene Expression,ENSG00000185917,SETD4,298,GRCh38-2020-A-chr21,0,0,0,0.0,0,0,0,0.0
Gene Expression,ENSG00000236677,AP000688.4,299,GRCh38-2020-A-chr21,0,0,0,0.0,0,0,0,0.0
Gene Expression,ENSG00000230212,AP000688.1,300,GRCh38-2020-A-chr21,0,0,0,0.0,0,0,0,0.0
Gene Expression,ENSG00000159228,CBR1,301,GRCh38-2020-A-chr21,0,0,0,0.0,0,0,0,0.0
Gene Expression,ENSG00000236119,AP000688.3,302,GRCh38-2020-A-chr21,0,0,0,0.0,0,0,0,0.0
Gene Expression,ENSG00000233393,AP000688.2,303,GRCh38-2020-A-chr21,0,0,0,0.0,0,0,0,0.0
Gene Expression,ENSG00000236830,CBR3-AS1,304,GRCh38-2020-A-chr21,0,0,0,0.0,0,0,0,0.0
Gene Expression,ENSG00000159231,CBR3,305,GRCh38-2020-A-chr21,0,0,0,0.0,0,0,0,0.0
Gene Expression,ENSG00000142197,DOP1B,306,GRCh38-2020-A-chr21,0,0,0,0.0,0,0,0,0.0
Gene Expression,ENSG00000273199,AP000692.2,307,GRCh38-2020-A-chr21,0,0,0,0.0,0,0,0,0.0
Gene Expression,ENSG00000159256,MORC3,308,GRCh38-2020-A-chr21,0,0,0,0.0,0,0,0,0.0
Gene Expression,ENSG00000228107,AP000692.1,309,GRCh38-2020-A-chr21,0,0,0,0.0,0,0,0,0.0
Gene Expression,ENSG00000159259,CHAF1B,310,GRCh38-2020-A-chr21,0,0,0,0.0,0,0,0,0.0
Gene Expression,ENSG00000230479,AP000695.1,311,GRCh38-2020-A-chr21,0,0,0,0.0,0,0,0,0.0
Gene Expression,ENSG00000233818,AP000695.2,312,GRCh38-2020-A-chr21,0,0,0,0.0,0,0,0,0.0
Gene Expression,ENSG00000159261,CLDN14,313,GRCh38-2020-A-chr21,0,0,0,0.0,0,0,0,0.0
Gene Expression,ENSG00000286517,AP000696.2,314,GRCh38-2020-A-chr21,0,0,0,0.0,0,0,0,0.0
Gene Expression,ENSG00000286852,AP000696.3,315,GRCh38-2020-A-chr21,0,0,0,0.0,0,0,0,0.0
Gene Expression,ENSG00000231324,AP000696.1,316,GRCh38-2020-A-chr21,0,0,0,0.0,0,0,0,0.0
Gene Expression,ENSG00000224269,AP000697.1,317,GRCh38-2020-A-chr21,0,0,0,0.0,0,0,0,0.0
Gene Expression,ENSG00000159263,SIM2,318,GRCh38-2020-A-chr21,0,0,0,0.0,0,0,0,0.0
Gene Expression,ENSG00000159267,HLCS,319,GRCh38-2020-A-chr21,0,0,0,0.0,0,0,0,0.0
Gene Expression,ENSG00000237646,HLCS-IT1,320,GRCh38-2020-A-chr21,0,0,0,0.0,0,0,0,0.0
Gene Expression,ENSG00000224790,AP000704.1,321,GRCh38-2020-A-chr21,0,0,0,0.0,0,0,0,0.0
Gene Expression,ENSG00000183145,RIPPLY3,322,GRCh38-2020-A-chr21,0,0,0,0.0,0,0,0,0.0
Gene Expression,ENSG00000185808,PIGP,323,GRCh38-2020-A-chr21,0,0,0,0.0,0,0,0,0.0
Gene Expression,ENSG00000182670,TTC3,324,GRCh38-2020-A-chr21,0,0,0,0.0,0,0,0,0.0
Gene Expression,ENSG00000270116,AP001429.1,325,GRCh38-2020-A-chr21,0,0,0,0.0,0,0,0,0.0
Gene Expression,ENSG00000228677,TTC3-AS1,326,GRCh38-2020-A-chr21,0,0,0,0.0,0,0,0,0.0
Gene Expression,ENSG00000230366,DSCR9,327,GRCh38-2020-A-chr21,0,0,0,0.0,0,0,0,0.0
Gene Expression,ENSG00000242553,AP001432.1,328,GRCh38-2020-A-chr21,0,0,0,0.0,0,0,0,0.0
Gene Expression,ENSG00000157538,VPS26C,329,GRCh38-2020-A-chr21,0,0,0,0.0,0,0,0,0.0
Gene Expression,ENSG00000272948,AP001412.1,330,GRCh38-2020-A-chr21,0,0,0,0.0,0,0,0,0.0
Gene Expression,ENSG00000287637,AP001437.2,331,GRCh38-2020-A-chr21,0,0,0,0.0,0,0,0,0.0
Gene Expression,ENSG00000273210,AP001437.1,332,GRCh38-2020-A-chr21,0,0,0,0.0,0,0,0,0.0
Gene Expression,ENSG00000157540,DYRK1A,333,GRCh38-2020-A-chr21,0,0,0,0.0,0,0,0,0.0
Gene Expression,ENSG00000286717,AP001407.1,334,GRCh38-2020-A-chr21,0,0,0,0.0,0,0,0,0.0
Gene Expression,ENSG00000157542,KCNJ6,335,GRCh38-2020-A-chr21,0,0,0,0.0,0,0,0,0.0
Gene Expression,ENSG00000233213,KCNJ6-AS1,336,GRCh38-2020-A-chr21,0,0,0,0.0,0,0,0,0.0
Gene Expression,ENSG00000184029,DSCR4,337,GRCh38-2020-A-chr21,0,0,0,0.0,0,0,0,0.0
Gene Expression,ENSG00000223608,DSCR4-IT1,338,GRCh38-2020-A-chr21,0,0,0,0.0,0,0,0,0.0
Gene Expression,ENSG00000198054,DSCR8,339,GRCh38-2020-A-chr21,0,0,0,0.0,0,0,0,0.0
Gene Expression,ENSG00000157551,KCNJ15,340,GRCh38-2020-A-chr21,0,0,0,0.0,0,0,0,0.0
Gene Expression,ENSG00000233316,DSCR10,341,GRCh38-2020-A-chr21,0,0,0,0.0,0,0,0,0.0
Gene Expression,ENSG00000226012,AP001434.1,342,GRCh38-2020-A-chr21,0,0,0,0.0,0,0,0,0.0
Gene Expression,ENSG00000231231,LINC01423,343,GRCh38-2020-A-chr21,0,0,0,0.0,0,0,0,0.0
Gene Expression,ENSG00000157554,ERG,344,GRCh38-2020-A-chr21,0,0,0,0.0,0,0,0,0.0
Gene Expression,ENSG00000287470,AP001037.1,345,GRCh38-2020-A-chr21,0,0,0,0.0,0,0,0,0.0
Gene Expression,ENSG00000223806,LINC00114,346,GRCh38-2020-A-chr21,0,0,0,0.0,0,0,0,0.0
Gene Expression,ENSG00000157557,ETS2,347,GRCh38-2020-A-chr21,0,0,0,0.0,0,0,0,0.0
Gene Expression,ENSG00000205622,AP001042.1,348,GRCh38-2020-A-chr21,0,0,0,0.0,0,0,0,0.0
Gene Expression,ENSG00000229986,AP001042.2,349,GRCh38-2020-A-chr21,0,0,0,0.0,0,0,0,0.0
Gene Expression,ENSG00000287082,AP001042.3,350,GRCh38-2020-A-chr21,0,0,0,0.0,0,0,0,0.0
Gene Expression,ENSG00000229925,AP001043.1,351,GRCh38-2020-A-chr21,0,0,0,0.0,0,0,0,0.0
Gene Expression,ENSG00000232837,LINC01700,352,GRCh38-2020-A-chr21,0,0,0,0.0,0,0,0,0.0
Gene Expression,ENSG00000235888,AF064858.1,353,GRCh38-2020-A-chr21,0,0,0,0.0,0,0,0,0.0
Gene Expression,ENSG00000237609,AF064858.2,354,GRCh38-2020-A-chr21,0,0,0,0.0,0,0,0,0.0
Gene Expression,ENSG00000183527,PSMG1,355,GRCh38-2020-A-chr21,0,0,0,0.0,0,0,0,0.0
Gene Expression,ENSG00000185658,BRWD1,356,GRCh38-2020-A-chr21,0,0,0,0.0,0,0,0,0.0
Gene Expression,ENSG00000272991,AF129408.1,357,GRCh38-2020-A-chr21,0,0,0,0.0,0,0,0,0.0
Gene Expression,ENSG00000237373,BRWD1-IT1,358,GRCh38-2020-A-chr21,0,0,0,0.0,0,0,0,0.0
Gene Expression,ENSG00000255568,BRWD1-AS2,359,GRCh38-2020-A-chr21,0,0,0,0.0,0,0,0,0.0
Gene Expression,ENSG00000238141,BRWD1-AS1,360,GRCh38-2020-A-chr21,0,0,0,0.0,0,0,0,0.0
Gene Expression,ENSG00000205581,HMGN1,361,GRCh38-2020-A-chr21,0,0,0,0.0,0,0,0,0.0
Gene Expression,ENSG00000182093,GET1,362,GRCh38-2020-A-chr21,0,0,0,0.0,0,0,0,0.0
Gene Expression,ENSG00000157578,LCA5L,363,GRCh38-2020-A-chr21,0,0,0,0.0,0,0,0,0.0
Gene Expression,ENSG00000185437,SH3BGR,364,GRCh38-2020-A-chr21,0,0,0,0.0,0,0,0,0.0
Gene Expression,ENSG00000183778,B3GALT5,365,GRCh38-2020-A-chr21,0,0,0,0.0,0,0,0,0.0
Gene Expression,ENSG00000184809,B3GALT5-AS1,366,GRCh38-2020-A-chr21,0,0,0,0.0,0,0,0,0.0
Gene Expression,ENSG00000225330,AF064860.1,367,GRCh38-2020-A-chr21,0,0,0,0.0,0,0,0,0.0
Gene Expression,ENSG00000231713,AF064860.2,368,GRCh38-2020-A-chr21,0,0,0,0.0,0,0,0,0.0
Gene Expression,ENSG00000183067,IGSF5,369,GRCh38-2020-A-chr21,0,0,0,0.0,0,0,0,0.0
Gene Expression,ENSG00000183036,PCP4,370,GRCh38-2020-A-chr21,0,0,0,0.0,0,0,0,0.0
Gene Expression,ENSG00000171587,DSCAM,371,GRCh38-2020-A-chr21,0,0,0,0.0,0,0,0,0.0
Gene Expression,ENSG00000235123,DSCAM-AS1,372,GRCh38-2020-A-chr21,0,0,0,0.0,0,0,0,0.0
Gene Expression,ENSG00000233756,DSCAM-IT1,373,GRCh38-2020-A-chr21,0,0,0,0.0,0,0,0,0.0
Gene Expression,ENSG00000288069,AF064866.1,374,GRCh38-2020-A-chr21,0,0,0,0.0,0,0,0,0.0
Gene Expression,ENSG00000286425,AL773573.1,375,GRCh38-2020-A-chr21,0,0,0,0.0,0,0,0,0.0
Gene Expression,ENSG00000226496,LINC00323,376,GRCh38-2020-A-chr21,0,0,0,0.0,0,0,0,0.0
Gene Expression,ENSG00000182240,BACE2,377,GRCh38-2020-A-chr21,0,0,0,0.0,0,0,0,0.0
Gene Expression,ENSG00000280109,PLAC4,378,GRCh38-2020-A-chr21,0,0,0,0.0,0,0,0,0.0
Gene Expression,ENSG00000224388,BACE2-IT1,379,GRCh38-2020-A-chr21,0,0,0,0.0,0,0,0,0.0
Gene Expression,ENSG00000183844,FAM3B,380,GRCh38-2020-A-chr21,0,0,0,0.0,0,0,0,0.0
Gene Expression,ENSG00000183486,MX2,381,GRCh38-2020-A-chr21,0,0,0,0.0,0,0,0,0.0
Gene Expression,ENSG00000157601,MX1,382,GRCh38-2020-A-chr21,0,0,0,0.0,0,0,0,0.0
Gene Expression,ENSG00000228318,AP001610.2,383,GRCh38-2020-A-chr21,0,0,0,0.0,0,0,0,0.0
Gene Expression,ENSG00000184012,TMPRSS2,384,GRCh38-2020-A-chr21,0,0,0,0.0,0,0,0,0.0
Gene Expression,ENSG00000232806,AP001610.3,385,GRCh38-2020-A-chr21,0,0,0,0.0,0,0,0,0.0
Gene Expression,ENSG00000223400,AP006748.1,386,GRCh38-2020-A-chr21,0,0,0,0.0,0,0,0,0.0
Gene Expression,ENSG00000286027,AP006748.2,387,GRCh38-2020-A-chr21,0,0,0,0.0,0,0,0,0.0
Gene Expression,ENSG00000227702,LINC00111,388,GRCh38-2020-A-chr21,0,0,0,0.0,0,0,0,0.0
Gene Expression,ENSG00000236384,LINC00479,389,GRCh38-2020-A-chr21,0,0,0,0.0,0,0,0,0.0
Gene Expression,ENSG00000232401,LINC00112,390,GRCh38-2020-A-chr21,0,0,0,0.0,0,0,0,0.0
Gene Expression,ENSG00000183421,RIPK4,391,GRCh38-2020-A-chr21,0,0,0,0.0,0,0,0,0.0
Gene Expression,ENSG00000236883,AP001615.1,392,GRCh38-2020-A-chr21,0,0,0,0.0,0,0,0,0.0
Gene Expression,ENSG00000141956,PRDM15,393,GRCh38-2020-A-chr21,0,0,0,0.0,0,0,0,0.0
Gene Expression,ENSG00000236545,AP001619.2,394,GRCh38-2020-A-chr21,0,0,0,0.0,0,0,0,0.0
Gene Expression,ENSG00000227698,AP001619.1,395,GRCh38-2020-A-chr21,0,0,0,0.0,0,0,0,0.0
Gene Expression,ENSG00000157617,C2CD2,396,GRCh38-2020-A-chr21,0,0,0,0.0,0,0,0,0.0
Gene Expression,ENSG00000173276,ZBTB21,397,GRCh38-2020-A-chr21,0,0,0,0.0,0,0,0,0.0
Gene Expression,ENSG00000237232,ZNF295-AS1,398,GRCh38-2020-A-chr21,0,0,0,0.0,0,0,0,0.0
Gene Expression,ENSG00000177398,UMODL1,399,GRCh38-2020-A-chr21,0,0,0,0.0,0,0,0,0.0
Gene Expression,ENSG00000184385,UMODL1-AS1,400,GRCh38-2020-A-chr21,0,0,0,0.0,0,0,0,0.0
Gene Expression,ENSG00000160179,ABCG1,401,GRCh38-2020-A-chr21,0,0,0,0.0,0,0,0,0.0
Gene Expression,ENSG00000160180,TFF3,402,GRCh38-2020-A-chr21,0,0,0,0.0,0,0,0,0.0
Gene Expression,ENSG00000160181,TFF2,403,GRCh38-2020-A-chr21,0,0,0,0.0,0,0,0,0.0
Gene Expression,ENSG00000160182,TFF1,404,GRCh38-2020-A-chr21,0,0,0,0.0,0,0,0,0.0
Gene Expression,ENSG00000160183,TMPRSS3,405,GRCh38-2020-A-chr21,0,0,0,0.0,0,0,0,0.0
Gene Expression,ENSG00000160185,UBASH3A,406,GRCh38-2020-A-chr21,0,0,0,0.0,0,0,0,0.0
Gene Expression,ENSG00000160188,RSPH1,407,GRCh38-2020-A-chr21,0,0,0,0.0,0,0,0,0.0
Gene Expression,ENSG00000160190,SLC37A1,408,GRCh38-2020-A-chr21,0,0,0,0.0,0,0,0,0.0
Gene Expression,ENSG00000239930,AP001625.3,409,GRCh38-2020-A-chr21,0,0,0,0.0,0,0,0,0.0
Gene Expression,ENSG00000231867,AP001625.1,410,GRCh38-2020-A-chr21,0,0,0,0.0,0,0,0,0.0
Gene Expression,ENSG00000235772,AP001625.2,411,GRCh38-2020-A-chr21,0,0,0,0.0,0,0,0,0.0
Gene Expression,ENSG00000225431,LINC01671,412,GRCh38-2020-A-chr21,0,0,0,0.0,0,0,0,0.0
Gene Expression,ENSG00000235023,AP001626.1,413,GRCh38-2020-A-chr21,0,0,0,0.0,0,0,0,0.0
Gene Expression,ENSG00000160191,PDE9A,414,GRCh38-2020-A-chr21,0,0,0,0.0,0,0,0,0.0
Gene Expression,ENSG00000225731,AP001627.1,415,GRCh38-2020-A-chr21,0,0,0,0.0,0,0,0,0.0
Gene Expression,ENSG00000283051,LINC01668,416,GRCh38-2020-A-chr21,0,0,0,0.0,0,0,0,0.0
Gene Expression,ENSG00000233754,AP001628.2,417,GRCh38-2020-A-chr21,0,0,0,0.0,0,0,0,0.0
Gene Expression,ENSG00000225218,AP001628.1,418,GRCh38-2020-A-chr21,0,0,0,0.0,0,0,0,0.0
Gene Expression,ENSG00000160193,WDR4,419,GRCh38-2020-A-chr21,0,0,0,0.0,0,0,0,0.0
Gene Expression,ENSG00000160194,NDUFV3,420,GRCh38-2020-A-chr21,0,0,0,0.0,0,0,0,0.0
Gene Expression,ENSG00000233056,ERVH48-1,421,GRCh38-2020-A-chr21,0,0,0,0.0,0,0,0,0.0
Gene Expression,ENSG00000224100,AP001630.1,422,GRCh38-2020-A-chr21,0,0,0,0.0,0,0,0,0.0
Gene Expression,ENSG00000160199,PKNOX1,423,GRCh38-2020-A-chr21,0,0,0,0.0,0,0,0,0.0
Gene Expression,ENSG00000160200,CBS,424,GRCh38-2020-A-chr21,0,0,0,0.0,0,0,0,0.0
Gene Expression,ENSG00000160201,U2AF1,425,GRCh38-2020-A-chr21,0,0,0,0.0,0,0,0,0.0
Gene Expression,ENSG00000286549,AP001631.2,426,GRCh38-2020-A-chr21,0,0,0,0.0,0,0,0,0.0
Gene Expression,ENSG00000236663,FRGCA,427,GRCh38-2020-A-chr21,0,0,0,0.0,0,0,0,0.0
Gene Expression,ENSG00000228120,AP001631.1,428,GRCh38-2020-A-chr21,0,0,0,0.0,0,0,0,0.0
Gene Expression,ENSG00000160202,CRYAA,429,GRCh38-2020-A-chr21,0,0,0,0.0,0,0,0,0.0
Gene Expression,ENSG00000237864,LINC00322,430,GRCh38-2020-A-chr21,0,0,0,0.0,0,0,0,0.0
Gene Expression,ENSG00000237989,LINC01679,431,GRCh38-2020-A-chr21,0,0,0,0.0,0,0,0,0.0
Gene Expression,ENSG00000225637,AP001046.1,432,GRCh38-2020-A-chr21,0,0,0,0.0,0,0,0,0.0
Gene Expression,ENSG00000142178,SIK1,433,GRCh38-2020-A-chr21,0,0,0,0.0,0,0,0,0.0
Gene Expression,ENSG00000188660,LINC00319,434,GRCh38-2020-A-chr21,0,0,0,0.0,0,0,0,0.0
Gene Expression,ENSG00000185186,LINC00313,435,GRCh38-2020-A-chr21,0,0,0,0.0,0,0,0,0.0
Gene Expression,ENSG00000223975,AP001048.1,436,GRCh38-2020-A-chr21,0,0,0,0.0,0,0,0,0.0
Gene Expression,ENSG00000160207,HSF2BP,437,GRCh38-2020-A-chr21,0,0,0,0.0,0,0,0,0.0
Gene Expression,ENSG00000234289,H2BFS,438,GRCh38-2020-A-chr21,0,0,0,0.0,0,0,0,0.0
Gene Expression,ENSG00000160208,RRP1B,439,GRCh38-2020-A-chr21,0,0,0,0.0,0,0,0,0.0
Gene Expression,ENSG00000160209,PDXK,440,GRCh38-2020-A-chr21,0,0,0,0.0,0,0,0,0.0
Gene Expression,ENSG00000287507,AP001053.1,441,GRCh38-2020-A-chr21,0,0,0,0.0,0,0,0,0.0
Gene Expression,ENSG00000160213,CSTB,442,GRCh38-2020-A-chr21,0,0,0,0.0,0,0,0,0.0
Gene Expression,ENSG00000160214,RRP1,443,GRCh38-2020-A-chr21,0,0,0,0.0,0,0,0,0.0
Gene Expression,ENSG00000215458,AATBC,444,GRCh38-2020-A-chr21,0,0,0,0.0,0,0,0,0.0
Gene Expression,ENSG00000160216,AGPAT3,445,GRCh38-2020-A-chr21,0,0,0,0.0,0,0,0,0.0
Gene Expression,ENSG00000160218,TRAPPC10,446,GRCh38-2020-A-chr21,0,0,0,0.0,0,0,0,0.0
Gene Expression,ENSG00000241945,PWP2,447,GRCh38-2020-A-chr21,0,0,0,0.0,0,0,0,0.0
Gene Expression,ENSG00000160221,GATD3A,448,GRCh38-2020-A-chr21,0,0,0,0.0,0,0,0,0.0
Gene Expression,ENSG00000225331,LINC01678,449,GRCh38-2020-A-chr21,0,0,0,0.0,0,0,0,0.0
Gene Expression,ENSG00000285413,AP001056.2,450,GRCh38-2020-A-chr21,0,0,0,0.0,0,0,0,0.0
Gene Expression,ENSG00000237604,AP001056.1,451,GRCh38-2020-A-chr21,0,0,0,0.0,0,0,0,0.0
Gene Expression,ENSG00000232124,AP001057.1,452,GRCh38-2020-A-chr21,0,0,0,0.0,0,0,0,0.0
Gene Expression,ENSG00000160223,ICOSLG,453,GRCh38-2020-A-chr21,0,0,0,0.0,0,0,0,0.0
Gene Expression,ENSG00000278158,AP001059.3,454,GRCh38-2020-A-chr21,0,0,0,0.0,0,0,0,0.0
Gene Expression,ENSG00000275799,AP001059.2,455,GRCh38-2020-A-chr21,0,0,0,0.0,0,0,0,0.0
Gene Expression,ENSG00000142182,DNMT3L,456,GRCh38-2020-A-chr21,0,0,0,0.0,0,0,0,0.0
Gene Expression,ENSG00000232010,AP001059.1,457,GRCh38-2020-A-chr21,0,0,0,0.0,0,0,0,0.0
Gene Expression,ENSG00000160224,AIRE,458,GRCh38-2020-A-chr21,0,0,0,0.0,0,0,0,0.0
Gene Expression,ENSG00000141959,PFKL,459,GRCh38-2020-A-chr21,0,0,0,0.0,0,0,0,0.0
Gene Expression,ENSG00000241728,AP001062.3,460,GRCh38-2020-A-chr21,0,0,0,0.0,0,0,0,0.0
Gene Expression,ENSG00000160226,CFAP410,461,GRCh38-2020-A-chr21,0,0,0,0.0,0,0,0,0.0
Gene Expression,ENSG00000184441,AP001062.1,462,GRCh38-2020-A-chr21,0,0,0,0.0,0,0,0,0.0
Gene Expression,ENSG00000232969,AP001062.2,463,GRCh38-2020-A-chr21,0,0,0,0.0,0,0,0,0.0
Gene Expression,ENSG00000260256,AP001063.1,464,GRCh38-2020-A-chr21,0,0,0,0.0,0,0,0,0.0
Gene Expression,ENSG00000142185,TRPM2,465,GRCh38-2020-A-chr21,0,0,0,0.0,0,0,0,0.0
Gene Expression,ENSG00000230061,TRPM2-AS,466,GRCh38-2020-A-chr21,0,0,0,0.0,0,0,0,0.0
Gene Expression,ENSG00000229356,LRRC3-DT,467,GRCh38-2020-A-chr21,0,0,0,0.0,0,0,0,0.0
Gene Expression,ENSG00000160233,LRRC3,468,GRCh38-2020-A-chr21,0,0,0,0.0,0,0,0,0.0
Gene Expression,ENSG00000274225,AP001065.3,469,GRCh38-2020-A-chr21,0,0,0,0.0,0,0,0,0.0
Gene Expression,ENSG00000228709,LINC02575,470,GRCh38-2020-A-chr21,0,0,0,0.0,0,0,0,0.0
Gene Expression,ENSG00000277352,AP001065.4,471,GRCh38-2020-A-chr21,0,0,0,0.0,0,0,0,0.0
Gene Expression,ENSG00000175894,TSPEAR,472,GRCh38-2020-A-chr21,0,0,0,0.0,0,0,0,0.0
Gene Expression,ENSG00000235890,TSPEAR-AS1,473,GRCh38-2020-A-chr21,0,0,0,0.0,0,0,0,0.0
Gene Expression,ENSG00000182912,TSPEAR-AS2,474,GRCh38-2020-A-chr21,0,0,0,0.0,0,0,0,0.0
Gene Expression,ENSG00000287088,AP001066.1,475,GRCh38-2020-A-chr21,0,0,0,0.0,0,0,0,0.0
Gene Expression,ENSG00000215455,KRTAP10-1,476,GRCh38-2020-A-chr21,0,0,0,0.0,0,0,0,0.0
Gene Expression,ENSG00000205445,KRTAP10-2,477,GRCh38-2020-A-chr21,0,0,0,0.0,0,0,0,0.0
Gene Expression,ENSG00000212935,KRTAP10-3,478,GRCh38-2020-A-chr21,0,0,0,0.0,0,0,0,0.0
Gene Expression,ENSG00000215454,KRTAP10-4,479,GRCh38-2020-A-chr21,0,0,0,0.0,0,0,0,0.0
Gene Expression,ENSG00000241123,KRTAP10-5,480,GRCh38-2020-A-chr21,0,0,0,0.0,0,0,0,0.0
Gene Expression,ENSG00000188155,KRTAP10-6,481,GRCh38-2020-A-chr21,0,0,0,0.0,0,0,0,0.0
Gene Expression,ENSG00000272804,KRTAP10-7,482,GRCh38-2020-A-chr21,0,0,0,0.0,0,0,0,0.0
Gene Expression,ENSG00000187766,KRTAP10-8,483,GRCh38-2020-A-chr21,0,0,0,0.0,0,0,0,0.0
Gene Expression,ENSG00000221837,KRTAP10-9,484,GRCh38-2020-A-chr21,0,0,0,0.0,0,0,0,0.0
Gene Expression,ENSG00000221859,KRTAP10-10,485,GRCh38-2020-A-chr21,0,0,0,0.0,0,0,0,0.0
Gene Expression,ENSG00000243489,KRTAP10-11,486,GRCh38-2020-A-chr21,0,0,0,0.0,0,0,0,0.0
Gene Expression,ENSG00000212933,KRTAP12-4,487,GRCh38-2020-A-chr21,0,0,0,0.0,0,0,0,0.0
Gene Expression,ENSG00000205439,KRTAP12-3,488,GRCh38-2020-A-chr21,0,0,0,0.0,0,0,0,0.0
Gene Expression,ENSG00000221864,KRTAP12-2,489,GRCh38-2020-A-chr21,0,0,0,0.0,0,0,0,0.0
Gene Expression,ENSG00000187175,KRTAP12-1,490,GRCh38-2020-A-chr21,0,0,0,0.0,0,0,0,0.0
Gene Expression,ENSG00000189169,KRTAP10-12,491,GRCh38-2020-A-chr21,0,0,0,0.0,0,0,0,0.0
Gene Expression,ENSG00000184787,UBE2G2,492,GRCh38-2020-A-chr21,0,0,0,0.0,0,0,0,0.0
Gene Expression,ENSG00000236519,LINC01424,493,GRCh38-2020-A-chr21,0,0,0,0.0,0,0,0,0.0
Gene Expression,ENSG00000184900,SUMO3,494,GRCh38-2020-A-chr21,0,0,0,0.0,0,0,0,0.0
Gene Expression,ENSG00000183255,PTTG1IP,495,GRCh38-2020-A-chr21,0,0,0,0.0,0,0,0,0.0
Gene Expression,ENSG00000160255,ITGB2,496,GRCh38-2020-A-chr21,0,0,0,0.0,0,0,0,0.0
Gene Expression,ENSG00000227039,ITGB2-AS1,497,GRCh38-2020-A-chr21,0,0,0,0.0,0,0,0,0.0
Gene Expression,ENSG00000273027,AL844908.2,498,GRCh38-2020-A-chr21,0,0,0,0.0,0,0,0,0.0
Gene Expression,ENSG00000183250,LINC01547,499,GRCh38-2020-A-chr21,0,0,0,0.0,0,0,0,0.0
Gene Expression,ENSG00000272825,AL844908.1,500,GRCh38-2020-A-chr21,0,0,0,0.0,0,0,0,0.0
Gene Expression,ENSG00000160256,FAM207A,501,GRCh38-2020-A-chr21,0,0,0,0.0,0,0,0,0.0
Gene Expression,ENSG00000276529,AP001505.1,502,GRCh38-2020-A-chr21,0,0,0,0.0,0,0,0,0.0
Gene Expression,ENSG00000234880,LINC00163,503,GRCh38-2020-A-chr21,0,0,0,0.0,0,0,0,0.0
Gene Expression,ENSG00000261706,LINC00165,504,GRCh38-2020-A-chr21,0,0,0,0.0,0,0,0,0.0
Gene Expression,ENSG00000275874,PICSAR,505,GRCh38-2020-A-chr21,0,0,0,0.0,0,0,0,0.0
Gene Expression,ENSG00000197381,ADARB1,506,GRCh38-2020-A-chr21,0,0,0,0.0,0,0,0,0.0
Gene Expression,ENSG00000267857,AL133499.1,507,GRCh38-2020-A-chr21,0,0,0,0.0,0,0,0,0.0
Gene Expression,ENSG00000182586,LINC00334,508,GRCh38-2020-A-chr21,0,0,0,0.0,0,0,0,0.0
Gene Expression,ENSG00000186866,POFUT2,509,GRCh38-2020-A-chr21,0,0,0,0.0,0,0,0,0.0
Gene Expression,ENSG00000223768,LINC00205,510,GRCh38-2020-A-chr21,0,0,0,0.0,0,0,0,0.0
Gene Expression,ENSG00000286262,BX322557.2,511,GRCh38-2020-A-chr21,0,0,0,0.0,0,0,0,0.0
Gene Expression,ENSG00000184274,LINC00315,512,GRCh38-2020-A-chr21,0,0,0,0.0,0,0,0,0.0
Gene Expression,ENSG00000229382,BX322557.1,513,GRCh38-2020-A-chr21,0,0,0,0.0,0,0,0,0.0
Gene Expression,ENSG00000237664,LINC00316,514,GRCh38-2020-A-chr21,0,0,0,0.0,0,0,0,0.0
Gene Expression,ENSG00000228355,BX322559.1,515,GRCh38-2020-A-chr21,0,0,0,0.0,0,0,0,0.0
Gene Expression,ENSG00000273796,BX322562.1,516,GRCh38-2020-A-chr21,0,0,0,0.0,0,0,0,0.0
Gene Expression,ENSG00000182871,COL18A1,517,GRCh38-2020-A-chr21,0,0,0,0.0,0,0,0,0.0
Gene Expression,ENSG00000224574,COL18A1-AS2,518,GRCh38-2020-A-chr21,0,0,0,0.0,0,0,0,0.0
Gene Expression,ENSG00000183535,COL18A1-AS1,519,GRCh38-2020-A-chr21,0,0,0,0.0,0,0,0,0.0
Gene Expression,ENSG00000173638,SLC19A1,520,GRCh38-2020-A-chr21,0,0,0,0.0,0,0,0,0.0
Gene Expression,ENSG00000233922,LINC01694,521,GRCh38-2020-A-chr21,0,0,0,0.0,0,0,0,0.0
Gene Expression,ENSG00000286082,AL133493.1,522,GRCh38-2020-A-chr21,0,0,0,0.0,0,0,0,0.0
Gene Expression,ENSG00000286594,AL133493.2,523,GRCh38-2020-A-chr21,0,0,0,0.0,0,0,0,0.0
Gene Expression,ENSG00000183570,PCBP3,524,GRCh38-2020-A-chr21,0,0,0,0.0,0,0,0,0.0
Gene Expression,ENSG00000275139,AL133492.1,525,GRCh38-2020-A-chr21,0,0,0,0.0,0,0,0,0.0
Gene Expression,ENSG00000205424,AL592528.1,526,GRCh38-2020-A-chr21,0,0,0,0.0,0,0,0,0.0
Gene Expression,ENSG00000286886,AJ011931.2,527,GRCh38-2020-A-chr21,0,0,0,0.0,0,0,0,0.0
Gene Expression,ENSG00000276633,AJ011931.1,528,GRCh38-2020-A-chr21,0,0,0,0.0,0,0,0,0.0
Gene Expression,ENSG00000280604,AJ239328.1,529,GRCh38-2020-A-chr21,0,0,0,0.0,0,0,0,0.0
Gene Expression,ENSG00000274248,AJ011932.1,530,GRCh38-2020-A-chr21,0,0,0,0.0,0,0,0,0.0
Gene Expression,ENSG00000142156,COL6A1,531,GRCh38-2020-A-chr21,0,0,0,0.0,0,0,0,0.0
Gene Expression,ENSG00000224413,AP001476.1,532,GRCh38-2020-A-chr21,0,0,0,0.0,0,0,0,0.0
Gene Expression,ENSG00000228235,AP001476.3,533,GRCh38-2020-A-chr21,0,0,0,0.0,0,0,0,0.0
Gene Expression,ENSG00000226115,AP001476.2,534,GRCh38-2020-A-chr21,0,0,0,0.0,0,0,0,0.0
Gene Expression,ENSG00000227438,AP001471.1,535,GRCh38-2020-A-chr21,0,0,0,0.0,0,0,0,0.0
Gene Expression,ENSG00000142173,COL6A2,536,GRCh38-2020-A-chr21,0,0,0,0.0,0,0,0,0.0
Gene Expression,ENSG00000160282,FTCD,537,GRCh38-2020-A-chr21,0,0,0,0.0,0,0,0,0.0
Gene Expression,ENSG00000237338,FTCD-AS1,538,GRCh38-2020-A-chr21,0,0,0,0.0,0,0,0,0.0
Gene Expression,ENSG00000160284,SPATC1L,539,GRCh38-2020-A-chr21,0,0,0,0.0,0,0,0,0.0
Gene Expression,ENSG00000228404,AP001468.1,540,GRCh38-2020-A-chr21,0,0,0,0.0,0,0,0,0.0
Gene Expression,ENSG00000160285,LSS,541,GRCh38-2020-A-chr21,0,0,0,0.0,0,0,0,0.0
Gene Expression,ENSG00000223901,AP001469.1,542,GRCh38-2020-A-chr21,0,0,0,0.0,0,0,0,0.0
Gene Expression,ENSG00000215424,MCM3AP-AS1,543,GRCh38-2020-A-chr21,0,0,0,0.0,0,0,0,0.0
Gene Expression,ENSG00000160294,MCM3AP,544,GRCh38-2020-A-chr21,0,0,0,0.0,0,0,0,0.0
Gene Expression,ENSG00000228137,AP001469.2,545,GRCh38-2020-A-chr21,0,0,0,0.0,0,0,0,0.0
Gene Expression,ENSG00000239415,AP001469.3,546,GRCh38-2020-A-chr21,0,0,0,0.0,0,0,0,0.0
Gene Expression,ENSG00000182362,YBEY,547,GRCh38-2020-A-chr21,0,0,0,0.0,0,0,0,0.0
Gene Expression,ENSG00000160298,C21orf58,548,GRCh38-2020-A-chr21,0,0,0,0.0,0,0,0,0.0
Gene Expression,ENSG00000160299,PCNT,549,GRCh38-2020-A-chr21,0,0,0,0.0,0,0,0,0.0
Gene Expression,ENSG00000286224,AP000471.1,550,GRCh38-2020-A-chr21,0,0,0,0.0,0,0,0,0.0
Gene Expression,ENSG00000160305,DIP2A,551,GRCh38-2020-A-chr21,0,0,0,0.0,0,0,0,0.0
Gene Expression,ENSG00000223692,DIP2A-IT1,552,GRCh38-2020-A-chr21,0,0,0,0.0,0,0,0,0.0
Gene Expression,ENSG00000160307,S100B,553,GRCh38-2020-A-chr21,0,0,0,0.0,0,0,0,0.0
Gene Expression,ENSG00000160310,PRMT2,554,GRCh38-2020-A-chr21,0,0,0,0.0,0,0,0,0.0
Antibody Capture,CD3,CD3_UCHT1_TotalC,555,,14081,15141,603,0.07000858595865533,12151,13058,518,0.06945933527339565
Antibody Capture,CD19,CD19_HIB19_TotalC,556,,10550,11399,363,0.0744802175629441,10222,11048,340,0.07476466328747289
Antibody Capture,CD45RA,CD45RA_HI100_TotalC,557,,29020,31334,637,0.07384949256398798,27003,29168,561,0.07422517827756447
Antibody Capture,CD4,CD4_RPA-T4_TotalC,558,,9935,10674,510,0.06923365186434327,8535,9189,440,0.07117205354227885
Antibody Capture,CD8a,CD8a_RPA-T8_TotalC,559,,1064,1148,303,0.07317073170731703,911,983,260,0.07324516785350965
Antibody Capture,CD14,CD14_M5E2_TotalC,560,,1080,1168,178,0.07534246575342463,724,785,152,0.07770700636942673
Antibody Capture,CD16,CD16_3G8_TotalC,561,,1753,1888,313,0.0715042372881356,1398,1505,269,0.07109634551495014
Antibody Capture,CD56,CD56_QA17A16_TotalC,562,,576,628,239,0.08280254777070062,490,536,211,0.08582089552238803
Antibody Capture,CD25,CD25_BC96_TotalC,563,,1708,1855,444,0.0792452830188679,1540,1676,397,0.08114558472553701
Antibody Capture,CD45RO,CD45RO_UCHL1_TotalC,564,,3273,3636,322,0.09983498349834985,832,905,275,0.08066298342541434
Antibody Capture,PD-1,PD-1_EH12.2H7_TotalC,565,,262,281,182,0.06761565836298933,226,243,157,0.06995884773662553
Antibody Capture,TIGIT,TIGIT_A15153G_TotalC,566,,200,222,150,0.09909909909909909,175,192,129,0.08854166666666663
Antibody Capture,isotype_control_IgG1,isotype_control_IgG1_MOPC-21_TotalC,567,,1000,1098,277,0.08925318761384338,882,973,250,0.09352517985611508
Antibody Capture,isotype_control_IgG2a,isotype_control_IgG2a_MOPC-173_TotalC,568,,254,270,167,0.059259259259259234,227,241,149,0.05809128630705396
Antibody Capture,isotype_control_IgG2b,isotype_control_IgG2b_MPC-11_TotalC,569,,129,137,99,0.058394160583941646,107,112,83,0.044642857142857095
Antibody Capture,CD127,CD127_A019D5_TotalC,570,,1190,1290,481,0.07751937984496127,1011,1098,418,0.0792349726775956
Antibody Capture,CD15,CD15_W6D3_TotalC,571,,447,481,189,0.07068607068607069,363,397,166,0.08564231738035266
