Barcode,TSNE-1,TSNE-2
AAACCTGTCTTGAGAC-1,8.763284949856722,-12.670466543666114
AAACGGGGTTAAGACA-1,-3.82582244269636,-1.2299083169196259
AAAGATGAGTGGGATC-1,-8.461464053073493,-0.6496925467456522
AAAGATGGTGCACTTA-1,6.7685341038928115,2.240241648806805
AAAGCAACATACAGCT-1,5.80326302857344,3.70862340157434
AAATGCCCACGAAAGC-1,2.934565506239847,0.6797263719469723
AACCATGGTTGACGTT-1,-5.878652376411518,-8.961545618641233
AACGTTGTCGGTCCGA-1,4.0529406657117795,13.270065219113105
AACTCAGAGAGCTATA-1,-2.3548081123682048,5.438571595200913
AACTCAGCAATCAGAA-1,4.214605429830651,4.44123827409253
AACTCAGGTACCGGCT-1,2.1544409966530806,-9.742607185970318
AACTCTTCATGCCCGA-1,1.7400963681417412,-2.431723517464535
AACTTTCGTGAACCTT-1,1.9578254735277287,3.9598266222826357
AAGACCTTCTCTGTCG-1,5.583669065868807,10.294337325824314
AAGCCGCTCGGAGCAA-1,3.8350509628864162,-0.3923114627949957
AAGGAGCAGTCGAGTG-1,9.24346151352325,10.738980084758806
AAGGAGCAGTTCGCAT-1,4.760872522587004,9.439956059598336
AAGGTTCGTTGGACCC-1,-4.362431979330154,2.444820308403622
AAGGTTCGTTGGTAAA-1,7.4121347046337425,11.089714738498216
AATCGGTCAAGCCTAT-1,-5.008157334159654,1.5478295589314413
AATCGGTCACAACTGT-1,-12.4203694340809,3.290712110344569
ACACCAACAGTAGAGC-1,3.59810042177822,-8.00890589354966
ACACCCTGTAAGTGTA-1,-3.2871515157286497,2.831525996291502
ACACTGAAGAGCCCAA-1,-5.924644839429745,-12.372124638615803
ACAGCTAGTGCCTTGG-1,2.34662691427562,7.255982415146479
ACATACGCACGGCGTT-1,10.64974162307166,10.645117340500805
ACATCAGAGAGTAATC-1,-11.347582078810728,-1.8319130599512283
ACATCAGCAGGCAGTA-1,3.5556625846341214,10.72334792248921
ACATGGTTCCATGAGT-1,-6.988713358750287,-0.9951188892501802
ACCGTAACACATGACT-1,1.919665702992964,4.982349194402301
ACCTTTAAGTTACCCA-1,-9.246382797694949,1.3171027007982563
ACGAGGACAACACCCG-1,-5.279107377745864,-11.004330235646162
ACGATACAGGCCGAAT-1,-1.5230660475050855,5.397210124885259
ACGATGTCAGCCTGTG-1,-1.3854926610917944,0.3989942311159516
ACGCAGCGTTCGAATC-1,8.988036185341715,12.692985773053907
ACGCCAGAGCGTTGCC-1,2.508112795854756,4.693938728870035
ACGCCAGCATGTAGTC-1,2.504856806451939,-8.47394878914272
ACGCCAGGTCCGAGTC-1,4.281007772280492,12.476888141396559
ACGCCAGGTCTTGTCC-1,-7.517542165850097,-13.892949116098064
ACGCCGAAGTTGTAGA-1,6.217793554233002,13.091686624927016
ACGGGTCAGATTACCC-1,5.212941398255324,14.594950457988395
ACGGGTCAGTTCGATC-1,2.7748746033268192,-1.947421964010069
ACGGGTCCAATCCGAT-1,-1.7858977185718918,11.832139029843527
ACGTCAAAGTTGAGTA-1,8.040189797258657,-11.9682567244158
ACGTCAAGTCTAACGT-1,-10.6112458330321,2.7642473739791438
ACTATCTGTCCGTCAG-1,8.126216424955208,7.63837611189223
ACTGAACAGATAGCAT-1,9.3956221366608,-11.495920245466728
ACTGAACAGTGTACGG-1,2.8593598609670643,5.292506796023438
ACTGAACCAAGTAATG-1,-14.153860723442367,-0.4797759247529563
ACTGAACGTTTAGCTG-1,6.326845277721769,2.768720343926886
ACTGAGTCAATTGCTG-1,-10.884132194475994,-8.654945598813129
ACTGAGTGTCCAGTTA-1,-5.885421766413351,-12.4587084268744
ACTGATGAGGAGTCTG-1,7.358494747557206,0.7247684681563399
ACTGATGCAGCTCCGA-1,-11.922191052578622,-2.5982121000629967
ACTGCTCCATGAGCGA-1,4.5547342349339255,-6.25279548925617
ACTTACTCACCTCGGA-1,8.25621366236611,11.201012636170244
ACTTACTGTGGAAAGA-1,-1.4516734482361373,4.653938631642807
ACTTGTTCACCCAGTG-1,-3.4380225149621104,2.529520179528626
ACTTGTTCAGGATTGG-1,-11.319190951230814,0.43948745776407705
AGAATAGGTTGTGGAG-1,2.653368580468198,-10.259542894639107
AGAGCGAAGAAGGTTT-1,-5.84481607479235,-13.08841095360431
AGAGTGGGTAATCGTC-1,-9.481231947917543,4.767954301188128
AGATCTGGTAGCTGCC-1,-10.42425027746146,4.2732638274996395
AGATCTGTCCACGAAT-1,2.884087919961141,5.4051248368725915
AGCGGTCCATGGGAAC-1,8.762818280395805,-1.8784865521751466
AGCGTATAGCTGGAAC-1,9.645125571321806,-10.998366558447614
AGCGTATGTAAGTAGT-1,4.056919972672892,5.742276652553312
AGCGTATGTCCGTCAG-1,-9.40728851504244,-3.2627619327357493
AGCTCCTCAAGGGTCA-1,10.895326373315694,8.806685651128278
AGCTCTCGTGGCAAAC-1,3.3459733785412733,5.922835444085395
AGCTCTCGTGGTACAG-1,-12.60069726337002,-3.0129894362478744
AGCTTGAGTCACAAGG-1,3.6788020033917412,14.450368006754406
AGCTTGAGTGCGCTTG-1,4.756892671211467,6.2447479179581995
AGCTTGATCACAGGCC-1,5.398722618901373,7.577065569562492
AGGCCACGTGTTAAGA-1,-5.924952650724776,-13.943776833388583
AGGGAGTCAGTCACTA-1,-0.6808151638255485,-2.0914981766910716
AGGGATGTCTAAGCCA-1,-13.144900866240906,-4.080932600736297
AGGTCATCATGGGACA-1,-3.274748496025511,-5.968342452662176
AGGTCATGTTGGTAAA-1,8.413101385650139,13.55905406785157
AGGTCCGAGACAAAGG-1,4.083327649835893,11.123715201058292
AGTGAGGTCAGGTTCA-1,6.605293344717054,-11.413098137108555
AGTGAGGTCATCACCC-1,-1.2727648444806572,6.102587373068986
AGTGGGAAGACTAAGT-1,-13.10616235570814,-9.736539382549479
AGTGTCATCGGAAACG-1,-11.770481153872543,-0.9714101378817952
AGTTGGTCACCAGGTC-1,-6.118374815927052,-2.1588372244738117
AGTTGGTGTCAGGACA-1,-3.842609759815839,0.7443020154732941
AGTTGGTTCTTGTATC-1,6.396303146678372,5.0919992855736185
ATAACGCGTCTAGTCA-1,-12.430299967180636,-4.767449851546944
ATAGACCAGCTATGCT-1,5.880117261968448,6.419879346206651
ATAGACCTCTATCCTA-1,4.660424771739663,0.44528475411725826
ATCACGAAGACTTGAA-1,6.210058494506316,14.6455239381605
ATCATCTTCAGAGACG-1,1.0640879367444653,3.56650520914403
ATCATGGCAAGGTTTC-1,-8.38529303431451,3.7877495078780856
ATCATGGGTGTCGCTG-1,-9.129386856628516,6.949653132675124
ATCGAGTAGGTGATTA-1,7.722554677919281,11.362934686535494
ATCGAGTCAGCAGTTT-1,-5.33916698910804,-12.54003818283332
ATCGAGTCATCATCCC-1,-0.6336087203132482,-4.6435370790011685
ATCGAGTCATGCCACG-1,-5.063031698848311,-11.791927333570424
ATCTACTCAACACGCC-1,4.389635774631194,1.680282043624831
ATGAGGGAGCTCCTTC-1,7.200210630240213,-13.245326238812561
ATGAGGGCACGGCCAT-1,4.778096471272916,4.734310590964758
ATGAGGGTCAGGATCT-1,7.079720021124599,4.103812903766669
ATGCGATAGATCCCGC-1,-11.506098419274087,4.811376078001237
ATGTGTGAGTATCTCG-1,1.199707377846743,9.046462779290646
ATGTGTGCACCATGTA-1,-8.18119754185536,0.7827110272576391
ATGTGTGCAGTAAGCG-1,-5.703404743030325,-11.402329825822346
ATTCTACAGTGCCATT-1,1.3622370504465384,-4.197614899826295
ATTGGACGTACTCAAC-1,-5.717114745025766,-11.892883765922994
ATTGGTGGTTTACTCT-1,-9.797218075264768,1.2176977360190788
ATTTCTGTCCGCATAA-1,-11.338281174317993,-4.076807082391557
CAACCAAGTGTAACGG-1,-7.759824648948828,1.4387659055321182
CAAGAAATCTCAACTT-1,1.5925751731736828,2.0846319225054586
CAAGATCGTCTAGGTT-1,5.844007066440533,8.163599429356053
CAAGGCCAGAAGGCCT-1,7.963579920276151,4.800377922960203
CACAAACAGCGCCTTG-1,-5.012351647206519,3.4093264304117374
CACACAAAGATAGCAT-1,9.164592026191333,6.068162010384706
CACACAAAGGTGATAT-1,7.721130481967396,11.97411772401782
CACAGGCGTGCAGTAG-1,6.114878126347274,8.660483067508295
CACATAGGTATTCGTG-1,8.305281857183141,-12.779154267827323
CACATTTTCAGTACGT-1,1.4145184465266887,11.158955352631047
CACCACTCATCTGGTA-1,3.1050811601213435,-0.5125549586331095
CACCAGGGTTAGATGA-1,8.159413856402796,11.464826220931576
CACCAGGTCGTTACGA-1,11.432023191269467,6.150197909010422
CACCTTGGTAAGCACG-1,0.8788049484510564,-1.2265464462824418
CACTCCAAGTCAAGCG-1,1.4427118416891023,-2.5145752057036312
CAGAATCGTAAGTAGT-1,-9.379733315706074,3.3508273013342893
CAGATCAGTGTGAATA-1,-11.164456820145414,0.9361363641266136
CAGCAGCAGCGTCTAT-1,3.7045203237690214,-2.2271834166633346
CAGCAGCTCCACGAAT-1,7.1684023054752055,1.6889325406262483
CAGCGACAGTCAATAG-1,2.08444084067038,-9.637304212666269
CAGCTAAAGCAATCTC-1,-3.6122128536261044,-10.906415316783105
CAGCTAACAATGGAAT-1,-12.990201139305455,2.4095836256264738
CAGCTAAGTTAAGGGC-1,-2.276953759181358,4.940733693453775
CAGCTAATCACTTACT-1,6.2249862397527975,3.9461059868838304
CAGGTGCCAGGAACGT-1,5.872664214015348,-11.622126444856601
CAGGTGCTCAGAGCTT-1,-12.575265707349446,-1.7404212036823914
CAGTAACGTCTGGTCG-1,9.73119819743522,-11.708746415587077
CAGTAACTCCGCGCAA-1,-10.79470189762694,3.778818106483549
CAGTCCTAGTTTGCGT-1,-12.269873321576538,3.189262375503829
CAGTCCTCATGGTAGG-1,7.482372669162929,8.87996008061306
CATCAGATCCTGCTTG-1,4.256371064329817,7.982813537664588
CATCGAAAGGCACATG-1,-1.23544061346144,-4.998625223380475
CATCGAAGTCTCAACA-1,-1.4988959919406224,4.304546329310981
CATCGGGCATAGGATA-1,3.2953937393913324,-2.530149775604001
CATCGGGTCGAGAACG-1,2.5998334080587076,2.9311536380059966
CATGACAAGCCACGTC-1,-2.276276978925167,4.405673856961455
CATGGCGCAAGGTGTG-1,-9.929218353938598,-3.120213885022793
CATTATCAGGAGTACC-1,-9.28096958789289,2.665028061352239
CATTATCCAGTAAGAT-1,8.748080197018865,-11.9990331476098
CATTATCGTAGAAGGA-1,12.512942631644673,-11.212644783593035
CATTATCTCCTCAATT-1,4.92071720051224,11.757740960238158
CATTCGCCAATAGAGT-1,5.749781195568133,13.633576060072372
CATTCGCCATACTCTT-1,1.7400109600807738,-2.4317884330610173
CCAATCCCAATGGTCT-1,-10.165555096686015,0.6197870539425375
CCACCTAGTGGGTATG-1,-0.2851589234009498,7.221228923968299
CCACGGAAGGTCATCT-1,-9.27844494668083,-0.9957209362524815
CCACGGACAGCATACT-1,-2.3644363236510593,3.5210208421069975
CCACTACGTTGTACAC-1,8.760017933418775,-11.431361080512271
CCATGTCCACGACGAA-1,7.259876506604118,-9.648572809415281
CCATTCGAGGGTCGAT-1,2.4934049238420486,-9.133020628804271
CCCAATCAGATGTCGG-1,7.499212812787611,9.157602648116992
CCCAATCAGGACAGCT-1,-6.785057313719992,-13.335111212369956
CCCAATCGTTCCATGA-1,-12.566361019098387,-9.461897226560083
CCGGGATAGGTGACCA-1,4.424253534265489,6.665141999721928
CCGGGATGTCCTCTTG-1,4.997735912427096,-2.840910031379038
CCGGTAGCATTTCACT-1,1.9523247044576677,5.129991635778541
CCGTGGAGTAAGAGGA-1,4.707818937711751,6.069629468736818
CCGTTCAAGGGCTCTC-1,-11.543976847093816,-3.3297356913267935
CCGTTCATCCTTGGTC-1,-4.380375662057999,-12.516943794760683
CCTAAAGAGCAGATCG-1,-5.987234311120108,-14.452678277462505
CCTAAAGGTAGCTAAA-1,-6.945953801019286,1.3878167584142331
CCTACCATCGTTACGA-1,2.4066731797043355,-4.289180408666386
CCTCAGTCAACAACCT-1,-1.3696194833080473,0.2801634160190751
CCTTCCCGTACTTGAC-1,9.27501995092199,6.711554520031543
CCTTCGAAGACGCTTT-1,2.3194104495103236,-9.58390425648173
CCTTCGATCTCATTCA-1,-12.39215658349773,1.6101840898417588
CGAATGTAGCCAACAG-1,-6.596941077651376,-11.05834854501749
CGACCTTTCCATGAGT-1,5.8931215048914485,10.371731026235489
CGACTTCAGAAGATTC-1,7.134980238617815,3.2699498321861244
CGAGAAGCACCTCGGA-1,7.5823571759101815,4.642528000487908
CGAGCACCATCTCCCA-1,1.1440877077280984,-0.08475294431624536
CGAGCCATCATCTGCC-1,-9.888139618276474,-2.1619904013038327
CGATGTAGTACTTCTT-1,1.463273936545155,8.411135871986296
CGATGTAGTTAAGGGC-1,5.128196506648749,9.067660564614666
CGATGTAGTTGCGTTA-1,3.156950059100182,-9.928110164004751
CGATTGAGTAAAGTCA-1,10.282860577898246,-12.983131368485738
CGATTGAGTTGGAGGT-1,7.617158707534164,1.6567050581409644
CGCGGTATCCTTTACA-1,1.4698735640669294,5.952836645648891
CGCTATCTCGCTTAGA-1,3.498687684470982,11.290966823200453
CGCTGGAGTGAGCGAT-1,5.098326176308544,-9.7547613985466
CGCTGGATCCAACCAA-1,8.863328592341473,13.295967561330187
CGGACGTAGCTAAACA-1,-8.064062613446671,2.403500172962604
CGGACGTAGTGGGCTA-1,-4.736688057545955,-11.80548388078205
CGGAGTCTCATGTAGC-1,8.019878670831496,4.7422421585529655
CGGCTAGCAGGAATCG-1,-6.221354800230217,-13.286865494335464
CGGGTCATCCCGGATG-1,3.7387067790225528,15.30700484690925
CGGTTAAAGAGCTTCT-1,4.097908854098142,3.2233788544108597
CGTAGGCAGGTCATCT-1,4.137756959314716,11.608952586334693
CGTAGGCGTTCAGTAC-1,-9.48595601003712,2.4913396254751268
CGTAGGCTCGGAGGTA-1,2.3099465885738377,2.42885981820536
CGTCACTAGGGCATGT-1,5.682957813716271,10.891502693027327
CGTCCATTCTAACTGG-1,-9.044255870209103,7.094638055224374
CGTGAGCGTGAGTGAC-1,8.621081782876875,4.666710956193127
CGTGTCTCAGGAATCG-1,4.136768428133671,4.513740645897127
CGTTAGATCGGAGCAA-1,5.260186670506843,7.9745482487491115
CGTTCTGAGGATATAC-1,11.707978505536753,-11.935948295536738
CGTTCTGAGGTGCAAC-1,1.9165022239013918,6.787509716147137
CGTTCTGTCGATAGAA-1,-10.874012300167587,-8.89190904796835
CTAATGGAGGAGTTTA-1,-0.17350661936301318,2.3300117958309325
CTAATGGAGGGAACGG-1,-10.114549728590086,-4.955415809833833
CTAATGGCAGGCAGTA-1,8.849528496113042,14.933224133954093
CTACACCCACCTTGTC-1,6.606576763388731,9.395891171402432
CTAGAGTAGCTGTTCA-1,4.030345101639549,-5.132547882522989
CTAGAGTTCAGTTCGA-1,7.690328787954137,-11.328403814788304
CTCACACAGGTAGCCA-1,-10.126384579394408,-3.738261764189186
CTCATTACACATCCGG-1,-2.605244913065064,-9.115413817060574
CTCCTAGAGATGAGAG-1,2.9857615000394797,13.188813540663542
CTCCTAGGTCGGCATC-1,6.883429976904642,7.629477128990568
CTCGAAAGTTCTGGTA-1,9.839635686830425,-12.440076543556575
CTCGAGGAGACTTTCG-1,-4.091415265630706,-1.2567311136123749
CTCGAGGTCAAAGTAG-1,-7.350993988614225,-12.72176551296008
CTCGGAGCACCCATGG-1,-11.929239361820882,2.511606770664054
CTCGGGACAACACGCC-1,-11.144324164232088,-2.808503885226079
CTCGGGACAACGCACC-1,6.1120294659382255,8.666295156331831
CTCGTACTCCTCTAGC-1,7.839993799831659,-12.087667320680469
CTCTGGTCACTCGACG-1,6.367899071347846,-10.657548621105233
CTCTGGTCATGTAAGA-1,4.910177907996309,-9.085192697506281
CTCTGGTGTCAGGACA-1,7.119374715880544,-12.744914813351688
CTGAAGTTCGCATGAT-1,-13.258992913954252,-9.82645880707507
CTGATCCCAGACGTAG-1,3.1164782263695114,12.142515308360185
CTGATCCCAGCTGGCT-1,-5.666179283681354,1.7025743209450495
CTGCTGTGTGATGTCT-1,-6.750494954757796,-8.09941137537868
CTGGTCTGTAGCTAAA-1,-8.82622461146172,-4.705197908853018
CTTAACTTCCTTTCTC-1,-5.911635576069251,-8.674251906755302
CTTACCGAGTCGATAA-1,11.653876468268614,-11.764258956760663
CTTCTCTGTATGAATG-1,-10.138514256207673,2.3984499220278526
CTTGGCTAGGCAAAGA-1,2.9745702964493566,-8.983305947304022
CTTGGCTGTTACCGAT-1,2.4616370900278595,-0.7171018188912538
GAAACTCCACACATGT-1,2.056240410820769,-0.5899836599548509
GAAATGATCATTTGGG-1,9.097788654957784,-1.772453621149374
GAACATCAGATGTTAG-1,3.4821910728366867,14.179801319049751
GAACCTAAGGCCCGTT-1,5.299949782897714,7.491885607324802
GAACCTAGTATATGAG-1,10.191838965494984,-12.1293258259818
GAACCTATCATGTAGC-1,-4.360254785185035,-12.950165050789218
GAACCTATCCTCATTA-1,4.562002064742426,0.8619370839221322
GAACGGACAGTAAGAT-1,3.0811004276603633,9.093322505381401
GAAGCAGAGAAGATTC-1,3.7318692151060295,6.909957225873531
GAAGCAGTCATCATTC-1,10.414008063260797,11.25673121254811
GAATAAGAGTGCGATG-1,6.096004139192689,-12.473651378399438
GAATGAACACAAGCCC-1,7.812193395693032,-10.665129340933863
GACCAATTCTGGTGTA-1,-2.3270215531367584,4.6160643932742085
GACCTGGGTCACCTAA-1,2.7044855764288473,10.406045753441195
GACGTGCAGAGCAATT-1,-1.7933539688906814,-1.7008417120231647
GACGTTAAGTTCGCAT-1,-11.295590987315919,-1.2026104865617349
GACGTTACACTGAAGG-1,6.6558384417093155,5.0141309100544325
GACGTTACAGCTATTG-1,-0.9324415678077356,-2.21066379896925
GACGTTAGTAATTGGA-1,8.332933182651848,8.433312608076617
GACTACAGTGTGACCC-1,1.6059729011469923,-10.686207433868107
GACTACATCGTGGACC-1,-13.016017170951384,1.225099548898879
GACTGCGGTAAGGGAA-1,-10.612351636687617,-4.349454771763666
GAGTCCGGTAAGGGCT-1,-3.4497612607173607,-13.065465423284605
GATCAGTAGACAGACC-1,2.2906716694948055,-4.390132577471133
GATCGATAGGAATTAC-1,6.728816532646549,13.027720431325863
GATCGCGAGAAGGACA-1,-3.3464217683477644,-6.04461077217985
GATCTAGAGTACGATA-1,-7.4644938844405475,-6.62422773637344
GATGAGGCAAGTACCT-1,12.412840338104646,-11.383356210575021
GATGAGGGTGAGTGAC-1,-13.10863739375973,-3.1464319653652204
GATGAGGGTTAGATGA-1,-10.329523867361724,3.1057638248858224
GATGCTACAGGTCCAC-1,7.152161034397982,0.9182450465120092
GATGCTACATTGTGCA-1,1.8969790467652692,-2.9466197426424148
GATTCAGTCACGACTA-1,-2.9993883858377934,-11.94236274125209
GATTCAGTCCTAGTGA-1,3.0375614713746817,3.1480866175480995
GCAATCACAGCTATTG-1,-11.665584914398956,-3.374164473143596
GCATACAGTAGAAGGA-1,2.1326614079082713,-2.9489867852421385
GCGACCATCCAAAGTC-1,-10.569074783614182,1.503538682071499
GCGAGAAGTACTCGCG-1,3.3332239686493823,0.10121741364491468
GCGAGAATCAGCTCTC-1,-5.029368861310267,-13.119763063819
GCGCAACGTTCCGGCA-1,-11.146400541439954,0.7408499238755784
GCGCAGTGTCACTGGC-1,-5.423723220601541,-14.226807623263758
GCGCGATAGTGAACAT-1,9.549747124787672,4.91334732232805
GCTCCTATCGTTTAGG-1,8.921704354350577,8.905186355146792
GCTGCGATCATGTGGT-1,2.7470780235298924,3.4366356869974735
GCTGCGATCGGCCGAT-1,3.6701813053930614,15.316952008138651
GCTGCTTCAGTGGGAT-1,-3.9558442732323993,4.352509319872843
GCTGGGTTCACGACTA-1,-5.963743504160183,-10.687131271768726
GCTGGGTTCATGGTCA-1,-1.4973098610411149,3.050932553637702
GCTTCCAAGTCAATAG-1,1.2024541061964473,-1.4365887923987073
GCTTCCAGTACGACCC-1,-11.422710949644593,-4.880964085778093
GCTTGAAGTCACCCAG-1,5.309008750655017,7.275403984767238
GGAACTTAGCGATCCC-1,-2.131354188444969,-3.399026494705838
GGAATAAAGAGCCCAA-1,-0.6388722928614955,11.97918516702082
GGAATAACAAGGACAC-1,-14.125831213815532,-3.706392148791443
GGAATAATCACCTTAT-1,-8.980847258997363,-2.9455320410734243
GGACAAGGTGTCAATC-1,-2.1069352248856057,0.8823586787174948
GGACAGAGTAAGGGAA-1,4.239243337852457,2.073595444004642
GGACAGAGTATAAACG-1,-11.979512923481442,-1.865380798100085
GGACGTCCACGACTCG-1,3.967072429911138,-10.095165312721518
GGACGTCGTAAGGGCT-1,4.374527658795393,1.7363260168112968
GGACGTCTCAACCAAC-1,1.6534642270638837,-3.5771184396608198
GGACGTCTCTAACTGG-1,-6.875732562566196,-7.9215458785593995
GGAGCAACAGACACTT-1,1.6685997288240988,3.2061120784637347
GGAGCAAGTTCCTCCA-1,7.504555605524872,-11.194877759529364
GGATGTTTCCTTTCGG-1,3.1597987686522764,2.695479353765383
GGATTACTCACGACTA-1,-3.3126682663529934,-12.169998572796437
GGCAATTCACTACAGT-1,-3.3743855296577605,-11.498357106014412
GGCAATTTCTTCGGTC-1,9.25902895728911,10.918254035689257
GGCCGATGTTTGTTGG-1,8.216791686176112,8.414926764800539
GGCTCGACAGCTTAAC-1,-1.1991406390601553,-4.842376115735838
GGGACCTCATCCCATC-1,-0.06141220774224986,2.1384231264417743
GGGATGAAGTCGTTTG-1,1.0828347553697037,-2.636778277477968
GGGCACTAGCTAGCCC-1,-7.2335341550898935,-0.7589218702594762
GGGCACTAGTCACGCC-1,-9.239125849452751,2.684571857403527
GGGCATCGTAGTGAAT-1,-8.608824955719003,-4.729684173709122
GGGTCTGCATCATCCC-1,1.7399053605950734,-2.43187363850709
GGGTCTGCATGAGCGA-1,-5.074083199688606,-13.306354949636445
GGTATTGCAAGCCTAT-1,3.8609053996792144,0.3449490378194333
GGTGAAGCAGCTGCAC-1,-13.442571687173158,-10.050612228134117
GGTGCGTCAGTGGAGT-1,-0.8226410147741923,11.505162501442431
GGTGTTAGTGTCGCTG-1,9.579945622158657,-12.328040567677146
GGTGTTATCAGAGACG-1,-11.930616984981928,-0.07051620472374209
GGTGTTATCAGCTCTC-1,-5.265621188632584,-11.65816178301252
GTAACGTAGCAGGTCA-1,-5.00092475582279,-10.320388778014905
GTAACGTCATCCGGGT-1,3.9546891538512505,-5.330192554358292
GTAACGTCATTGGCGC-1,7.015407111349107,6.984276572472811
GTACGTAGTTAGAACA-1,1.6712157406005435,2.493682638482839
GTACTTTAGCTCAACT-1,-1.9507674076676722,11.73655105258507
GTACTTTTCTGCTGTC-1,6.8431215731092925,5.3837159163152375
GTAGGCCGTTACGACT-1,0.47424912518373635,-0.4533315336192307
GTAGTCAGTATATGGA-1,4.783603501160389,12.55569208463162
GTATTCTCAGACTCGC-1,-12.20120794795363,-3.4418228132034323
GTCAAGTTCCGCATCT-1,7.154804738895249,6.704766533965034
GTCAAGTTCTCAAACG-1,9.73481040133197,-13.611018803455085
GTCACGGGTAGCTAAA-1,-3.7937328129616756,-6.727790702975661
GTCGGGTCATGCCCGA-1,8.060663166683815,9.380061647506782
GTCGGGTTCGAGAGCA-1,-4.600187856406658,-13.625391780779168
GTCGTAAAGGCGTACA-1,6.045913366925991,11.71416683417946
GTGAAGGAGTGACTCT-1,5.632817014518494,-1.0476594124701046
GTGCAGCCAGTAAGAT-1,-0.672107256767308,12.099841006523947
GTGCAGCTCAGAGACG-1,-3.050878931734209,-9.009747356482478
GTGCGGTTCGACGGAA-1,6.519599318203883,7.459477456233193
GTGGGTCCATGACGGA-1,8.526405036273394,3.637248409835697
GTGGGTCCATGCTGGC-1,9.676079741861596,-13.353003719357508
GTGGGTCTCCACGCAG-1,9.06504418534458,-2.2236548899109634
GTGTGCGTCGCCATAA-1,-10.86785324338652,-8.611629947782152
GTGTTAGGTATGGTTC-1,-0.9652651580766449,2.7661587464681365
GTGTTAGTCTTCGGTC-1,-4.6237980691857405,-12.383742680376221
GTTAAGCAGTTGAGTA-1,-13.455523581200742,-3.5984855529387243
GTTAAGCCACCACGTG-1,-8.386371781824037,4.10294996558918
GTTAAGCCAGTAACGG-1,10.905825077850876,-8.93151333897942
GTTAAGCTCGCCGTGA-1,-11.470752999916039,-2.973307574336228
GTTCATTTCGCTAGCG-1,8.966977835950154,-11.26846519173649
GTTCGGGGTGACTACT-1,-12.760190658169584,-0.28626986967201035
GTTCTCGTCTACCAGA-1,8.182181009829474,-11.602018868650266
GTTTCTAGTGCACCAC-1,-0.9275183478172788,10.534453197177879
TAAACCGCACCGAATT-1,-6.141949051234927,-4.612363406926943
TACACGACACGGATAG-1,-13.01145323479249,-1.3833750127793745
TACCTATTCACATACG-1,-10.074892760409654,-2.615297873746777
TACGGGCAGGACACCA-1,-8.143526722027323,0.8875563909313129
TACGGTAGTTTGGCGC-1,8.097526817857041,7.6625532701430155
TACTCATAGTGAAGAG-1,-0.8347420911641639,2.6045264655197067
TACTCATTCATCGGAT-1,8.834526193821448,-10.280617920355763
TACTCATTCTGCCAGG-1,12.083214439286083,-12.458822088410376
TACTCGCCAGGTGGAT-1,-9.984540202413246,-0.83393131399016
TACTCGCTCATGTCTT-1,-11.195188513933218,-1.881829974243568
TACTTACAGTTCGCGC-1,2.77060450319076,-3.4576443886191544
TACTTACCAAAGGTGC-1,-5.867151665300128,-10.834518864144977
TACTTGTAGGTAAACT-1,8.937710404666289,3.4555579050382983
TATCTCACACCATCCT-1,9.089518393984076,-9.309992914448053
TATGCCCAGGTGCTTT-1,-10.210842132018582,0.13316811232119827
TATGCCCAGTAGGTGC-1,-10.940168815940872,-0.5404769029488942
TATGCCCCAATAGCGG-1,1.9031523192256496,6.679373051975068
TATGCCCGTCCGAAGA-1,-1.4086507154432981,5.651088175801576
TCAACGATCCGTACAA-1,-11.032076858830507,2.3193803479970985
TCAATCTTCCCAGGTG-1,11.29657726911219,9.060397235767558
TCACAAGAGATTACCC-1,5.041641546416699,14.63680310440902
TCAGATGCATACGCCG-1,-6.234485278500209,-4.614648888744607
TCAGCAAGTAGGGACT-1,-8.47423219355924,2.428827448773752
TCAGCAATCTGATACG-1,3.955565688479686,8.884412590630124
TCAGCTCAGGCCCTTG-1,-11.27545741780379,0.9459370580271422
TCAGCTCAGTATCTCG-1,-14.191803672471123,-4.345009779635989
TCATTACAGCTGATAA-1,2.6667299679460204,1.0607605393500719
TCATTACGTTCCACTC-1,6.230258706627076,4.505633925038939
TCATTACTCTAACGGT-1,1.3127135140396313,6.128787624808505
TCATTTGTCCGTTGCT-1,0.7451836194007256,0.9677792619435043
TCCCGATCATGCCTTC-1,-6.9959983295687085,-11.448366036235447
TCGAGGCCAATAGAGT-1,1.8938590838454545,14.123013213915705
TCGAGGCTCAACGGGA-1,7.010319424482747,12.72338200582598
TCGAGGCTCTCTGTCG-1,-6.0204434178600925,3.4341289283561705
TCGCGAGAGTGAAGAG-1,8.173631361821297,-12.621607611092907
TCGCGAGTCGACAGCC-1,0.06575648009710555,-0.915012173800953
TCGCGTTAGACTACAA-1,7.076743831433204,-11.061451622881828
TCGCGTTCACTTGGAT-1,1.4257832651795477,12.955826674351139
TCGGTAACATTGGGCC-1,-2.5803785138535904,-1.1774084246128325
TCTCTAAGTCTCCACT-1,2.134556307591486,-2.947498301397203
TCTCTAATCTACTCAT-1,11.076187951545569,-10.661712448210181
TCTGAGACAAGCCGCT-1,9.844359835005639,-12.422930599215753
TCTGGAATCCGTTGCT-1,4.265354407546472,6.078908227495471
TGACAACAGTGTTTGC-1,8.925154713558799,12.806503725890076
TGACTTTAGCCTATGT-1,-11.883598862165902,4.2737740961331445
TGAGCATGTCAGCTAT-1,2.0203649048118737,-1.7598010850085264
TGAGCCGTCTCTGTCG-1,2.4818493055327937,-8.764583692366642
TGAGGGAAGAGTAATC-1,3.5342437400689555,8.315896489880533
TGCACCTAGCCGATTT-1,1.163371765894599,0.0021230356100904574
TGCACCTGTCGCCATG-1,2.1392929567941446,10.760217870761437
TGCACCTTCACCTTAT-1,-5.6713380816326335,1.7945308786168808
TGCACCTTCAGATAAG-1,-11.79511853828098,0.7914307267698687
TGCCAAACACTGTTAG-1,1.9173476411708894,14.139902299689956
TGCCAAAGTGCCTTGG-1,-6.142459628660259,-12.688621296478885
TGCCCATCAGACTCGC-1,3.7489558611110505,-0.9506650483247524
TGCCCTAAGGCTCATT-1,10.599405946060987,-13.30459744728119
TGCCCTATCCAATGGT-1,6.389875239705456,11.201246731978351
TGCGCAGGTAGGGACT-1,6.549789760477582,6.807861292805331
TGCGCAGGTGAAGGCT-1,7.733089321752657,13.231211292999136
TGCGGGTCAAGCTGTT-1,-10.359136467820719,-4.35775851270617
TGCGGGTCAAGTTGTC-1,-9.309489748227717,1.0438252658839025
TGGACGCTCCCGGATG-1,4.174111601942056,10.194026864101838
TGGCCAGCACTGTGTA-1,5.974292173889282,13.36459400483244
TGGGAAGCAAGCCATT-1,-3.413163728161909,-6.130207656292865
TGGGCGTTCAAAGACA-1,-2.0499740416698877,10.948994151035897
TGGGCGTTCATATCGG-1,-14.520173110067631,0.37337531116464684
TGTATTCGTAAGTTCC-1,-11.42651665906885,-5.509694064083343
TGTATTCTCTGACCTC-1,-10.79603322505864,0.7336515836181121
TGTGTTTAGCTGAAAT-1,8.423220985850543,-13.10425062636274
TGTGTTTTCGGAGGTA-1,2.841771624540175,-2.9153094955517607
TGTTCCGGTATAAACG-1,-3.8837096302777545,-11.001519996300608
TGTTCCGGTGACTCAT-1,8.851720916706526,8.969621189358605
TGTTCCGTCGGCCGAT-1,-10.063295323198279,0.7125667483213367
TTAACTCGTACAGTTC-1,8.375789177729278,-12.028255775767288
TTAGGACGTAACGACG-1,3.1406330063832724,12.999896454208166
TTAGGCAGTTAAGAAC-1,8.828183687107773,14.95821124442359
TTAGTTCAGCCAGAAC-1,12.10050003732093,-10.33250770738721
TTAGTTCCATCGATGT-1,8.245542316054562,-1.783213883227919
TTAGTTCTCATGTGGT-1,6.159822399319969,12.181711745239229
TTCGAAGTCCGGCACA-1,4.624414225335359,-2.839961961288685
TTCGGTCCAAAGGCGT-1,8.86652444442695,7.919651096771342
TTCTCAACAGATTGCT-1,-7.847319545868323,4.3664882442009
TTCTCCTGTCTAGGTT-1,9.532898901899264,7.289320668320125
TTGACTTCAAGCTGAG-1,0.5311578963918941,-2.5257328941556243
TTTATGCAGCTAGTTC-1,-4.544065817119903,-11.674475691387004
TTTATGCCATGGAATA-1,-1.8282474244796632,-1.5026879332905594
TTTCCTCGTCTAAAGA-1,4.367063277464203,8.174454112340623
TTTGGTTAGCTGGAAC-1,-10.088620727772657,3.234574561395816
TTTGTCACACGAGAGT-1,1.5043613487618839,-10.051672067485194
TTTGTCAGTCGCGGTT-1,-13.142218514222451,4.153121785409968
TTTGTCATCAGTTTGG-1,8.464163462826075,2.515045467057367
